"id.exposure","id.outcome","outcome","exposure","method","nsnp","b","se","pval","lo_ci","up_ci","or","or_lci95","or_uci95","FDR"
"eqtl-a-ENSG00000005381","ebi-a-GCST90027158","Alzheimer disease","MPO","Inverse variance weighted",9,-0.0472988359726315,0.0163721375055904,0.00386489288964249,-0.0793882254835887,-0.0152094464616742,0.953802324552098,0.923681258224752,0.984905632998808,0.015701105694833
"eqtl-a-ENSG00000011376","ebi-a-GCST90027158","Alzheimer disease","LARS2","Inverse variance weighted",3,-0.0398229482412419,0.0201007411524096,0.047572419281364,-0.0792204008999648,-0.000425495582518996,0.9609595636723,0.923836287655826,0.999574594927889,0.0481239835628871
"eqtl-a-ENSG00000017483","ebi-a-GCST90027158","Alzheimer disease","SLC38A5","Inverse variance weighted",3,-0.0438683811927329,0.0191836302967165,0.0222097660874115,-0.0814682965742973,-0.00626846581116858,0.957079918900803,0.921761932401597,0.993751140033066,0.0350466183805698
"eqtl-a-ENSG00000019995","ebi-a-GCST90027158","Alzheimer disease","ZRANB1","Inverse variance weighted",4,-0.0433300477223537,0.0145419228448549,0.00288564473294476,-0.0718322164982693,-0.014827878946438,0.957595285762145,0.930687036641935,0.985281512701115,0.0129114104076631
"eqtl-a-ENSG00000021355","ebi-a-GCST90027158","Alzheimer disease","SERPINB1","Inverse variance weighted",5,0.0773877256719417,0.0257147855960953,0.00261708952649248,0.026986745903595,0.127788705440288,1.0804609176249,1.02735418602183,1.13631288059991,0.0126847570063435
"eqtl-a-ENSG00000021488","ebi-a-GCST90027158","Alzheimer disease","SLC7A9","Inverse variance weighted",5,-0.060552612303567,0.0223510190590494,0.00674526599968063,-0.104360609659304,-0.0167446149478301,0.941244246687638,0.900900365464068,0.983394796899895,0.0213556697475047
"eqtl-a-ENSG00000022277","ebi-a-GCST90027158","Alzheimer disease","RTF2","Inverse variance weighted",3,0.0812930294569112,0.0306809893709611,0.00805818333753651,0.0211582902898275,0.141427768623995,1.08468869574166,1.02138371396651,1.15191729668436,0.0223299980886111
"eqtl-a-ENSG00000022556","ebi-a-GCST90027158","Alzheimer disease","NLRP2","Inverse variance weighted",5,0.0421476867976007,0.0171515537179109,0.0139959063410762,0.00853064151049528,0.0757647320847062,1.04304851187061,1.0085671311189,1.07870875874026,0.0287327724296211
"eqtl-a-ENSG00000023902","ebi-a-GCST90027158","Alzheimer disease","PLEKHO1","Inverse variance weighted",4,-0.0803721388546968,0.0322814444745946,0.0127839524690424,-0.143643770024902,-0.0171005076844914,0.922772882838769,0.866196258177147,0.983044876105236,0.0272048744615597
"eqtl-a-ENSG00000031081","ebi-a-GCST90027158","Alzheimer disease","ARHGAP31","Inverse variance weighted",3,-0.087568328668959,0.0321462477409426,0.00644846624953493,-0.150574974241206,-0.0245616830967116,0.916156269773678,0.860213233755188,0.975737500551512,0.0208380992693305
"eqtl-a-ENSG00000042445","ebi-a-GCST90027158","Alzheimer disease","RETSAT","Inverse variance weighted",3,0.0429998956909253,0.0187869945591673,0.0220902869217375,0.00617738635495748,0.0798224050268931,1.04393778595842,1.00619650575508,1.08309469841972,0.0350466183805698
"eqtl-a-ENSG00000047410","ebi-a-GCST90027158","Alzheimer disease","TPR","Inverse variance weighted",4,-0.0501655211371082,0.0255912342204101,0.0499651880598212,-0.100324340209112,-6.70206510438448e-06,0.951071988954535,0.904543990466333,0.999993297957354,0.0499651880598212
"eqtl-a-ENSG00000050767","ebi-a-GCST90027158","Alzheimer disease","COL23A1","Inverse variance weighted",4,0.0685215141401389,0.0307545424625996,0.0258796617228066,0.00824261091344364,0.128800417366834,1.07092366470494,1.00827667475813,1.13746308363245,0.0377908031015042
"eqtl-a-ENSG00000054179","ebi-a-GCST90027158","Alzheimer disease","ENTPD2","Inverse variance weighted",3,0.0548925927331478,0.0203481862992146,0.00698276423228079,0.0150101475866872,0.0947750378796085,1.05642714062983,1.0151233656158,1.099411501362,0.0214563697418948
"eqtl-a-ENSG00000055211","ebi-a-GCST90027158","Alzheimer disease","GINM1","Inverse variance weighted",3,0.0552391503940439,0.0174399129953167,0.00153809508977272,0.0210569209232232,0.0894213798648645,1.05679331699554,1.02128018219393,1.09354135556345,0.00941745940931016
"eqtl-a-ENSG00000055950","ebi-a-GCST90027158","Alzheimer disease","MRPL43","Inverse variance weighted",4,-0.068712155896402,0.0218288502801448,0.00164522226424963,-0.111496702445486,-0.0259276093473182,0.933595371328534,0.894494341042257,0.974405624914835,0.0097319079698834
"eqtl-a-ENSG00000059377","ebi-a-GCST90027158","Alzheimer disease","TBXAS1","Inverse variance weighted",7,-0.0355391520129262,0.0169033178703048,0.03550988175315,-0.0686696550387236,-0.00240864898712868,0.965084948471934,0.933635050775739,0.997594249480246,0.0425951802953142
"eqtl-a-ENSG00000059588","ebi-a-GCST90027158","Alzheimer disease","TARBP1","Inverse variance weighted",4,-0.0829003412533318,0.0388053385534292,0.0326539266903519,-0.158958804818053,-0.00684187768861051,0.920442872832505,0.853031499033135,0.993181474668201,0.0415205215321804
"eqtl-a-ENSG00000064687","ebi-a-GCST90027158","Alzheimer disease","ABCA7","Inverse variance weighted",3,0.0875840031893762,0.0352706992185578,0.013021000201306,0.0184534327210029,0.15671457365775,1.09153395292519,1.01862474948221,1.16966171398657,0.0273754763268421
"eqtl-a-ENSG00000065060","ebi-a-GCST90027158","Alzheimer disease","BLTP3A","Inverse variance weighted",6,-0.024710705494899,0.0123398157469952,0.0452290287518549,-0.0488967443590097,-0.000524666630788331,0.975592104643071,0.952279452847513,0.99947547098268,0.0473331418013285
"eqtl-a-ENSG00000065457","ebi-a-GCST90027158","Alzheimer disease","ADAT1","Inverse variance weighted",3,-0.0337264864519178,0.0124281228997283,0.0066531715673716,-0.0580856073353852,-0.00936736556845041,0.966835911196955,0.943569167536987,0.990676371526737,0.0213023566698412
"eqtl-a-ENSG00000065809","ebi-a-GCST90027158","Alzheimer disease","FAM107B","Inverse variance weighted",5,-0.0283423598584956,0.0142387952594585,0.0465355911159377,-0.0562503985670344,-0.000434321149956913,0.972055517038036,0.945302403885609,0.999565773153821,0.0476762309164197
"eqtl-a-ENSG00000072310","ebi-a-GCST90027158","Alzheimer disease","SREBF1","Inverse variance weighted",3,0.049822398075886,0.0243839018092877,0.0410277341484668,0.00202995052968213,0.0976148456220899,1.05108440518539,1.0020320122741,1.10253805596155,0.0451693350719713
"eqtl-a-ENSG00000072694","ebi-a-GCST90027158","Alzheimer disease","FCGR2B","Inverse variance weighted",8,0.0526296152553416,0.0138886236010531,0.000151008741862007,0.0254079129972776,0.0798513175134057,1.05403917278145,1.02573344520263,1.08312601383328,0.00181731210033933
"eqtl-a-ENSG00000072952","ebi-a-GCST90027158","Alzheimer disease","IRAG1","Inverse variance weighted",12,-0.0294050053154213,0.0124650695766599,0.0183246274111423,-0.0538365416856747,-0.00497346894516795,0.971023115294638,0.947586984814594,0.995038878273523,0.032965437971591
"eqtl-a-ENSG00000073921","ebi-a-GCST90027158","Alzheimer disease","PICALM","Inverse variance weighted",3,0.125662579204937,0.0323603296432226,0.000103078290633962,0.0622363331042207,0.189088825305653,1.13389950245531,1.064213823967,1.20814826185557,0.00133238234930566
"eqtl-a-ENSG00000073969","ebi-a-GCST90027158","Alzheimer disease","NSF","Inverse variance weighted",3,-0.110274648514777,0.0275907865757612,6.42065374630172e-05,-0.164352590203269,-0.0561967068262846,0.895588129565884,0.84844281650973,0.945353160179793,0.00089632326298372
"eqtl-a-ENSG00000076003","ebi-a-GCST90027158","Alzheimer disease","MCM6","Inverse variance weighted",4,0.0885562047884665,0.0263430520926761,0.000774773703163424,0.0369238226868214,0.140188586890112,1.09259565999272,1.03761397518271,1.15049074587177,0.00628827959079151
"eqtl-a-ENSG00000079819","ebi-a-GCST90027158","Alzheimer disease","EPB41L2","Inverse variance weighted",3,0.0757660387294641,0.0238459534874275,0.00148646930206032,0.0290279698941062,0.122504107564822,1.07871016823033,1.0294533877747,1.1303237629426,0.00926388904319735
"eqtl-a-ENSG00000081721","ebi-a-GCST90027158","Alzheimer disease","DUSP12","Inverse variance weighted",3,-0.151619507168678,0.0381063870206474,6.92501058012007e-05,-0.226308025729146,-0.0769309886082088,0.859315181811949,0.797472421805557,0.925953752758797,0.000929549497100733
"eqtl-a-ENSG00000083642","ebi-a-GCST90027158","Alzheimer disease","PDS5B","Inverse variance weighted",3,-0.106867410930272,0.0472515863789506,0.0237179100635398,-0.199480520233015,-0.0142543016275291,0.898644815571741,0.81915617762897,0.985846809934878,0.0358335524336597
"eqtl-a-ENSG00000087157","ebi-a-GCST90027158","Alzheimer disease","PGS1","Inverse variance weighted",3,-0.0714406708646137,0.0356448440613404,0.045044812408169,-0.141304565224841,-0.00157677650438662,0.93105151443762,0.868224840331614,0.998424465954573,0.0473331418013285
"eqtl-a-ENSG00000087589","ebi-a-GCST90027158","Alzheimer disease","CASS4","Inverse variance weighted",3,0.366721156180522,0.143508737829153,0.010606811042209,0.0854440300353831,0.647998282325661,1.44299549263606,1.08920059711912,1.91171029218622,0.0254298343207369
"eqtl-a-ENSG00000088854","ebi-a-GCST90027158","Alzheimer disease","DNAAF9","Inverse variance weighted",3,0.101009699715365,0.0492139990310606,0.0401251063238174,0.00455026161448607,0.197469137816243,1.10628737238401,1.00456062977485,1.21831546451369,0.0446165368943218
"eqtl-a-ENSG00000091436","ebi-a-GCST90027158","Alzheimer disease","MAP3K20","Inverse variance weighted",5,0.0389877579289076,0.0164478191783927,0.0177692960202312,0.00675003233925792,0.0712254835185573,1.03975775478389,1.00677286515271,1.07382332803462,0.0323045430427586
"eqtl-a-ENSG00000092068","ebi-a-GCST90027158","Alzheimer disease","SLC7A8","Inverse variance weighted",4,-0.0322389287483768,0.016002307912689,0.0439421266939135,-0.0636034522572473,-0.000874405239506243,0.968275205656087,0.938377037056429,0.999125976941353,0.0470423380864289
"eqtl-a-ENSG00000099817","ebi-a-GCST90027158","Alzheimer disease","POLR2E","Inverse variance weighted",3,0.0613544635265417,0.0285065840394859,0.0313744442764609,0.0054815588091493,0.117227368243934,1.06327573986621,1.00549661004148,1.12437504780986,0.0411353640266211
"eqtl-a-ENSG00000100092","ebi-a-GCST90027158","Alzheimer disease","SH3BP1","Inverse variance weighted",5,0.0611195680621712,0.0228240388505644,0.00740943032373695,0.0163844519150649,0.105854684209277,1.06302601054883,1.01651941312835,1.11166032296983,0.0221016340426
"eqtl-a-ENSG00000100100","ebi-a-GCST90027158","Alzheimer disease","PIK3IP1","Inverse variance weighted",3,0.0512470689931338,0.0181619444961076,0.00477738576146067,0.015649657780763,0.0868444802055047,1.05258292176206,1.01577275497979,1.09072703688258,0.0170133431709161
"eqtl-a-ENSG00000100242","ebi-a-GCST90027158","Alzheimer disease","SUN2","Inverse variance weighted",4,0.0589026567710541,0.0169786886372854,0.000521988936101134,0.0256244270419747,0.0921808865001335,1.06067198647867,1.02595555494371,1.09656315761392,0.0046711317615204
"eqtl-a-ENSG00000100285","ebi-a-GCST90027158","Alzheimer disease","NEFH","Inverse variance weighted",3,0.059016508181627,0.0221172922854771,0.00762265370674382,0.0156666153020919,0.102366401061162,1.06079275235504,1.01578998011399,1.10778929254914,0.0221891982233334
"eqtl-a-ENSG00000100321","ebi-a-GCST90027158","Alzheimer disease","SYNGR1","Inverse variance weighted",5,0.0470968610634313,0.0205553513014417,0.0219506110852674,0.00680837251260559,0.0873853496142571,1.04822353620899,1.00683160216954,1.09131713733939,0.0350466183805698
"eqtl-a-ENSG00000100441","ebi-a-GCST90027158","Alzheimer disease","KHNYN","Inverse variance weighted",4,-0.029859609786806,0.0136323581719105,0.0284990011074808,-0.0565790318037506,-0.0031401877698613,0.970581784167759,0.94499179713759,0.99686473746302,0.0401054491391565
"eqtl-a-ENSG00000100462","ebi-a-GCST90027158","Alzheimer disease","PRMT5","Inverse variance weighted",3,-0.0507035062770986,0.0225397857189979,0.024479974549164,-0.0948814862863344,-0.00652552626786275,0.950560463966175,0.909480714018354,0.993495718741932,0.0363553664581202
"eqtl-a-ENSG00000100504","ebi-a-GCST90027158","Alzheimer disease","PYGL","Inverse variance weighted",4,-0.0716117781686243,0.0307675947371627,0.0199383209757707,-0.131916263853463,-0.0113072924837855,0.93089221835184,0.876414379569778,0.988756394678731,0.0344362912264153
"eqtl-a-ENSG00000100629","ebi-a-GCST90027158","Alzheimer disease","CEP128","Inverse variance weighted",3,0.0354341795213433,0.0171894448337251,0.0392656826545502,0.00174286764724222,0.0691254913954444,1.03606945129651,1.0017443873238,1.07157067361025,0.0446165368943218
"eqtl-a-ENSG00000100664","ebi-a-GCST90027158","Alzheimer disease","EIF5","Inverse variance weighted",5,0.040791247877975,0.0176013059033594,0.0204758261042778,0.00629268830739067,0.0752898074485594,1.04163463940666,1.00631252886544,1.07819657500947,0.0346896277203541
"eqtl-a-ENSG00000101363","ebi-a-GCST90027158","Alzheimer disease","MANBAL","Inverse variance weighted",4,-0.0415381495597362,0.019392338663617,0.0321944773505437,-0.0795471333404255,-0.00352916577904686,0.9593127372848,0.923534489677254,0.996477054406994,0.0415205215321804
"eqtl-a-ENSG00000102753","ebi-a-GCST90027158","Alzheimer disease","KPNA3","Inverse variance weighted",4,0.10924341436665,0.0529856736182807,0.0392311808293248,0.00539149407481951,0.21309533465848,1.11543382991834,1.00540605433442,1.23750262251002,0.0446165368943218
"eqtl-a-ENSG00000102882","ebi-a-GCST90027158","Alzheimer disease","MAPK3","Inverse variance weighted",6,0.0700552731770355,0.017347483326195,5.38276520922867e-05,0.0360542058576933,0.104056340496378,1.07256746382714,1.03671204083323,1.1096629721171,0.000782743774175336
"eqtl-a-ENSG00000103507","ebi-a-GCST90027158","Alzheimer disease","BCKDK","Inverse variance weighted",5,0.0910489146822484,0.0214673317835767,2.22250988034073e-05,0.0489729443864381,0.133124884978059,1.09532258130415,1.05019193676844,1.14239265710466,0.000387827974119457
"eqtl-a-ENSG00000103723","ebi-a-GCST90027158","Alzheimer disease","AP3B2","Inverse variance weighted",5,-0.0415396822858914,0.019807010204194,0.0359739960760977,-0.0803614222861117,-0.00271794228567115,0.959311266922203,0.922782771850645,0.9972857479754,0.0425951802953142
"eqtl-a-ENSG00000104093","ebi-a-GCST90027158","Alzheimer disease","DMXL2","Inverse variance weighted",6,-0.0513136361846839,0.0202668831619851,0.0113447701684147,-0.0910367271821747,-0.0115905451871931,0.949980675489272,0.91298417894724,0.98847636641818,0.0263121468767595
"eqtl-a-ENSG00000104312","ebi-a-GCST90027158","Alzheimer disease","RIPK2","Inverse variance weighted",3,0.076041241169199,0.0232853961004802,0.00109224947945551,0.0304018648122577,0.12168061752614,1.07900707275294,1.03086872058929,1.12939333573468,0.00767127552626262
"eqtl-a-ENSG00000105339","ebi-a-GCST90027158","Alzheimer disease","DENND3","Inverse variance weighted",5,-0.0573965806117186,0.0190800745734433,0.0026280464538968,-0.0947935267756675,-0.0199996344477696,0.944219535943924,0.909560715015292,0.980199031620632,0.0126847570063435
"eqtl-a-ENSG00000105374","ebi-a-GCST90027158","Alzheimer disease","NKG7","Inverse variance weighted",3,0.0786930504720128,0.0255681961015325,0.00208555168254865,0.0285793861130091,0.128806714831017,1.08187219094082,1.02899169524318,1.13747024678803,0.0111978082647612
"eqtl-a-ENSG00000105750","ebi-a-GCST90027158","Alzheimer disease","ZNF85","Inverse variance weighted",8,-0.036264692313518,0.0133983723841714,0.0067966058272942,-0.062525502186494,-0.010003882440542,0.964384994401471,0.939389106031829,0.990045989947017,0.0213556697475047
"eqtl-a-ENSG00000106009","ebi-a-GCST90027158","Alzheimer disease","BRAT1","Inverse variance weighted",4,0.0573137319491449,0.0250636074234376,0.0222115200532697,0.00818906139920712,0.106438402499083,1.05898799665237,1.0082226834776,1.11230940885562,0.0350466183805698
"eqtl-a-ENSG00000106976","ebi-a-GCST90027158","Alzheimer disease","DNM1","Inverse variance weighted",4,-0.0841320106690427,0.0371356258580538,0.0234799503703721,-0.156917837350828,-0.0113461839872574,0.919309889370896,0.85477428645242,0.988717941203736,0.0357252965861217
"eqtl-a-ENSG00000107679","ebi-a-GCST90027158","Alzheimer disease","PLEKHA1","Inverse variance weighted",4,0.0628949038078653,0.0179882861763775,0.000471516363587617,0.0276378629021654,0.0981519447135653,1.0649149148475,1.02802333161829,1.10313038720577,0.00438752119504456
"eqtl-a-ENSG00000107957","ebi-a-GCST90027158","Alzheimer disease","SH3PXD2A","Inverse variance weighted",7,-0.0642184716781813,0.0324661429951765,0.0479271748899347,-0.127852111948727,-0.000584831407635475,0.93780009438814,0.879983508568348,0.999415339572919,0.0483427284294428
"eqtl-a-ENSG00000108349","ebi-a-GCST90027158","Alzheimer disease","CASC3","Inverse variance weighted",4,-0.0590797625083892,0.0262420291742654,0.0243639326768901,-0.110514139689949,-0.00764538532682889,0.942631579499214,0.895373669793899,0.992383766292473,0.036337660274507
"eqtl-a-ENSG00000108395","ebi-a-GCST90027158","Alzheimer disease","TRIM37","Inverse variance weighted",4,-0.0399814624681016,0.0122108845814083,0.00105943646646319,-0.0639147962476619,-0.0160481286885413,0.960807249982283,0.938084924481306,0.984079956437797,0.00767127552626262
"eqtl-a-ENSG00000108582","ebi-a-GCST90027158","Alzheimer disease","CPD","Inverse variance weighted",5,0.0511240387801911,0.021376391928506,0.0167745579595517,0.00922631060031938,0.0930217669600628,1.05245343022691,1.00926900420444,1.09748562393383,0.0316449769074786
"eqtl-a-ENSG00000108592","ebi-a-GCST90027158","Alzheimer disease","FTSJ3","Inverse variance weighted",4,0.0537909779721625,0.0200427885274421,0.00727890925677415,0.014507112458376,0.0930748434859489,1.05526400567875,1.01461285131741,1.09754387620386,0.0219349993329117
"eqtl-a-ENSG00000109099","ebi-a-GCST90027158","Alzheimer disease","PMP22","Inverse variance weighted",6,-0.0389225717069695,0.0187500425877419,0.0379063667932001,-0.0756726551789437,-0.00217248823499527,0.961825178745087,0.927119644706414,0.997829869909581,0.0439585158981059
"eqtl-a-ENSG00000110315","ebi-a-GCST90027158","Alzheimer disease","RNF141","Inverse variance weighted",6,0.0701225915715289,0.0206799242112897,0.000696753571162777,0.0295899401174011,0.110655243025657,1.07263966977716,1.03003207251146,1.1170097435649,0.00593090234965388
"eqtl-a-ENSG00000110768","ebi-a-GCST90027158","Alzheimer disease","GTF2H1","Inverse variance weighted",3,0.0744671645734168,0.0222509164162318,0.000817793626176605,0.0308553683976024,0.118078960749231,1.07730996900909,1.03133632927319,1.12533296499337,0.00648659035308262
"eqtl-a-ENSG00000111328","ebi-a-GCST90027158","Alzheimer disease","CDK2AP1","Inverse variance weighted",4,-0.0505516962467881,0.0200419806779425,0.0116593397506877,-0.0898339783755554,-0.0112694141180207,0.95070477953302,0.914082930207359,0.988793847864429,0.0263121468767595
"eqtl-a-ENSG00000111729","ebi-a-GCST90027158","Alzheimer disease","CLEC4A","Inverse variance weighted",9,0.0723682503091564,0.0239304102788162,0.00249363779381661,0.0254646461626766,0.119271854455636,1.07505115910153,1.0257916399586,1.1266761685952,0.0126127476817681
"eqtl-a-ENSG00000112210","ebi-a-GCST90027158","Alzheimer disease","RAB23","Inverse variance weighted",3,-0.0565385394696084,0.0224661598400694,0.0118490251350234,-0.100572212756144,-0.0125048661830725,0.94503006283593,0.904319806629171,0.987572994771199,0.0263395526886826
"eqtl-a-ENSG00000114544","ebi-a-GCST90027158","Alzheimer disease","SLC41A3","Inverse variance weighted",4,0.0545210973825725,0.020811914904669,0.00880056138269362,0.0137297441694212,0.0953124505957238,1.05603475574796,1.01382442994782,1.10000249787337,0.0236066743545779
"eqtl-a-ENSG00000114784","ebi-a-GCST90027158","Alzheimer disease","EIF1B","Inverse variance weighted",3,0.128527838475043,0.0509798166063507,0.0116971495607001,0.0286073979265956,0.22844827902349,1.13715307745815,1.02902051957044,1.25664852836205,0.0263121468767595
"eqtl-a-ENSG00000115825","ebi-a-GCST90027158","Alzheimer disease","PRKD3","Inverse variance weighted",4,-0.04563964706297,0.0172029139356981,0.00797755239446381,-0.0793573583769383,-0.0119219357490017,0.95538617638235,0.923709770032697,0.988148848950874,0.0223299980886111
"eqtl-a-ENSG00000116852","ebi-a-GCST90027158","Alzheimer disease","KIF21B","Inverse variance weighted",3,0.13041270083917,0.0561615662832391,0.0202276209209603,0.0203360309240214,0.240489370754319,1.13929847575119,1.02054421683111,1.27187141472361,0.0344362912264153
"eqtl-a-ENSG00000116857","ebi-a-GCST90027158","Alzheimer disease","TMEM9","Inverse variance weighted",6,0.0412602787644069,0.0158168448371721,0.00909057635981263,0.0102592628835495,0.0722612946452643,1.04212331281742,1.01031206955234,1.07493618243991,0.0236066743545779
"eqtl-a-ENSG00000119227","ebi-a-GCST90027158","Alzheimer disease","PIGZ","Inverse variance weighted",3,-0.0438115543273952,0.0197265414198648,0.0263547184365031,-0.0824755755103302,-0.0051475331444602,0.957134308297847,0.920833928480916,0.994865692701052,0.0383241530597483
"eqtl-a-ENSG00000119396","ebi-a-GCST90027158","Alzheimer disease","RAB14","Inverse variance weighted",3,0.0481486602843591,0.0198879089666932,0.0154778073250438,0.00916835870964039,0.0871289618590778,1.04932663692628,1.00921051685218,1.09103737285399,0.0305445625476854
"eqtl-a-ENSG00000119865","ebi-a-GCST90027158","Alzheimer disease","CNRIP1","Inverse variance weighted",3,-0.0581517262213582,0.0263338942595259,0.0272271040760219,-0.109766158970029,-0.00653729347268746,0.94350678185725,0.896043642568153,0.9934840281431,0.0389436857480805
"eqtl-a-ENSG00000120029","ebi-a-GCST90027158","Alzheimer disease","ARMH3","Inverse variance weighted",3,-0.0854942219537091,0.0308782776572325,0.00562718475581991,-0.146015646161885,-0.0249727977455333,0.918058447623042,0.864144182539098,0.975336443017593,0.0192537988213838
"eqtl-a-ENSG00000120265","ebi-a-GCST90027158","Alzheimer disease","PCMT1","Inverse variance weighted",3,-0.0831306949252982,0.0225921837432421,0.000233579981130035,-0.127411375062053,-0.0388500147885438,0.920230869855682,0.880371435240756,0.961894968347949,0.00254748166919944
"eqtl-a-ENSG00000120314","ebi-a-GCST90027158","Alzheimer disease","WDR55","Inverse variance weighted",3,0.0328470819220937,0.0145052783404695,0.0235438917329742,0.00441673637477357,0.0612774274694139,1.03339250276305,1.0044265045307,1.06319383245052,0.0357252965861217
"eqtl-a-ENSG00000120647","ebi-a-GCST90027158","Alzheimer disease","CCDC77","Inverse variance weighted",6,0.0316735948086805,0.0150902575876995,0.0358219007154462,0.00209668993678945,0.0612504996805716,1.03218054122766,1.00209888952815,1.06316520337696,0.0425951802953142
"eqtl-a-ENSG00000121104","ebi-a-GCST90027158","Alzheimer disease","FAM117A","Inverse variance weighted",3,0.228228658186359,0.0684039207141193,0.000848449946112924,0.094156973586685,0.362300342786033,1.25637257246421,1.09873220431603,1.43663035873509,0.0065802006931869
"eqtl-a-ENSG00000121281","ebi-a-GCST90027158","Alzheimer disease","ADCY7","Inverse variance weighted",3,-0.0439810676996538,0.0162658781148434,0.00685339544905595,-0.0758621888047468,-0.0120999465945608,0.95697207498429,0.926943941010005,0.987972963393967,0.0213556697475047
"eqtl-a-ENSG00000121897","ebi-a-GCST90027158","Alzheimer disease","LIAS","Inverse variance weighted",3,0.0450307094193309,0.0185263985098114,0.0150728461330571,0.00871896834010056,0.0813424504985612,1.04605998331014,1.0087570892557,1.08474230351153,0.0300969099815509
"eqtl-a-ENSG00000122378","ebi-a-GCST90027158","Alzheimer disease","PRXL2A","Inverse variance weighted",4,0.135109272334542,0.0247619034834428,4.86059016767317e-08,0.0865759415069944,0.18364260316209,1.1446618573911,1.09043417378797,1.20158630320111,1.88482885390882e-06
"eqtl-a-ENSG00000123636","ebi-a-GCST90027158","Alzheimer disease","BAZ2B","Inverse variance weighted",6,0.0330609461562648,0.0144946703056135,0.0225541499447088,0.00465139235726228,0.0614704999552673,1.03361353209354,1.00466222687471,1.0633991257443,0.0352067001176242
"eqtl-a-ENSG00000124541","ebi-a-GCST90027158","Alzheimer disease","RRP36","Inverse variance weighted",3,0.0913473109579086,0.0422239602517079,0.0305104360475204,0.00858834886456104,0.174106273051256,1.09564947025186,1.00862533453881,1.19018204337697,0.0406417640480329
"eqtl-a-ENSG00000124570","ebi-a-GCST90027158","Alzheimer disease","SERPINB6","Inverse variance weighted",4,0.0216844110474001,0.0101974512025128,0.0334654743455226,0.00169740669047511,0.0416714154043251,1.02192122652573,1.00169884810065,1.0425518559835,0.0418206382222105
"eqtl-a-ENSG00000125629","ebi-a-GCST90027158","Alzheimer disease","INSIG2","Inverse variance weighted",3,-0.0934759898228048,0.02975674672301,0.00168178001498264,-0.151799213399904,-0.0351527662457051,0.910759884669893,0.859160771393862,0.965457915610139,0.00978235375381569
"eqtl-a-ENSG00000125637","ebi-a-GCST90027158","Alzheimer disease","PSD4","Inverse variance weighted",5,0.0365945599127804,0.0122101435170257,0.00272595064606235,0.0126626786194099,0.0605264412061508,1.03727238376661,1.01274318980451,1.06239568822235,0.0126847570063435
"eqtl-a-ENSG00000125753","ebi-a-GCST90027158","Alzheimer disease","VASP","Inverse variance weighted",5,0.0450543424611642,0.0219390292575355,0.0400128681173565,0.00205384511639464,0.0880548398059339,1.04608470518161,1.00205595570097,1.09204800808695,0.0446165368943218
"eqtl-a-ENSG00000125869","ebi-a-GCST90027158","Alzheimer disease","LAMP5","Inverse variance weighted",11,-0.0449922978056264,0.0214150933003956,0.0356442998462638,-0.0869658806744018,-0.00301871493685099,0.956004845139882,0.916708372571018,0.996985836801798,0.0425951802953142
"eqtl-a-ENSG00000125885","ebi-a-GCST90027158","Alzheimer disease","MCM8","Inverse variance weighted",3,-0.0453665147357196,0.0208251640577045,0.0293727791004939,-0.0861838362888204,-0.00454919318261874,0.955647158871883,0.917425559606497,0.995461138723471,0.0401543813511802
"eqtl-a-ENSG00000126215","ebi-a-GCST90027158","Alzheimer disease","XRCC3","Inverse variance weighted",3,-0.0538814753875299,0.0215256894505429,0.0123102316597941,-0.096071826710594,-0.0116911240644658,0.947544407180129,0.9083987664301,0.988376951574635,0.0268682091815459
"eqtl-a-ENSG00000127124","ebi-a-GCST90027158","Alzheimer disease","HIVEP3","Inverse variance weighted",3,-0.0497070926397177,0.0211103024871042,0.0185408235499391,-0.0910832855144418,-0.00833089976499349,0.951508087409684,0.912941672915994,0.991703706014681,0.0330468811012709
"eqtl-a-ENSG00000127249","ebi-a-GCST90027158","Alzheimer disease","ATP13A4","Inverse variance weighted",3,-0.0463938409964109,0.022131371029521,0.0360561960048094,-0.0897713282142721,-0.00301635377854972,0.954665901571617,0.914140199444308,0.996988190845962,0.0425951802953142
"eqtl-a-ENSG00000127418","ebi-a-GCST90027158","Alzheimer disease","FGFRL1","Inverse variance weighted",3,-0.0782240889421631,0.0284674015350311,0.00599878337799261,-0.134020195950824,-0.0224279819335022,0.924757175465861,0.874572401603759,0.977821655482619,0.0201305326819175
"eqtl-a-ENSG00000127511","ebi-a-GCST90027158","Alzheimer disease","SIN3B","Inverse variance weighted",4,-0.0490421876275684,0.0238282100072474,0.0395751034806451,-0.0957454792417732,-0.00233889601336353,0.95214096028296,0.908695268446915,0.997663837072701,0.0446165368943218
"eqtl-a-ENSG00000128604","ebi-a-GCST90027158","Alzheimer disease","IRF5","Inverse variance weighted",8,0.0405286568180154,0.0184312833198065,0.0278846171718553,0.00440334151119463,0.0766539721248362,1.04136115137193,1.00441305046481,1.07966841637994,0.0395598837112906
"eqtl-a-ENSG00000129103","ebi-a-GCST90027158","Alzheimer disease","SUMF2","Inverse variance weighted",3,0.051281765923297,0.0201773847540053,0.0110363197255888,0.0117340918054466,0.0908294400411474,1.05261944379179,1.0118032063282,1.09508221215216,0.0260248350285844
"eqtl-a-ENSG00000129219","ebi-a-GCST90027158","Alzheimer disease","PLD2","Inverse variance weighted",4,0.0716131738122396,0.0189470594643994,0.000157051606581319,0.0344769372620167,0.108749410362462,1.0742397196263,1.03507815636453,1.11488293722276,0.00182703368989601
"eqtl-a-ENSG00000129353","ebi-a-GCST90027158","Alzheimer disease","SLC44A2","Inverse variance weighted",11,0.0363311433226167,0.0181123860703167,0.0448698164636937,0.000830866624795909,0.0718314200204375,1.03699918499633,1.00083121189009,1.07447419395744,0.0473331418013285
"eqtl-a-ENSG00000129691","ebi-a-GCST90027158","Alzheimer disease","ASH2L","Inverse variance weighted",3,-0.191017680902424,0.0832136871431766,0.0217040309789204,-0.354116507703051,-0.0279188541017983,0.826117981510643,0.701793198278575,0.97246727533018,0.0350466183805698
"eqtl-a-ENSG00000129925","ebi-a-GCST90027158","Alzheimer disease","PGAP6","Inverse variance weighted",4,0.0497290733144639,0.0165808735698307,0.00270704702477768,0.0172305611175956,0.0822275855113321,1.05098631756112,1.01737986352451,1.08570287195787,0.0126847570063435
"eqtl-a-ENSG00000130227","ebi-a-GCST90027158","Alzheimer disease","XPO7","Inverse variance weighted",3,-0.109629039612208,0.0471922657547859,0.0201775516903357,-0.202125880491588,-0.0171321987328273,0.896166515920967,0.816992078104563,0.983013722876193,0.0344362912264153
"eqtl-a-ENSG00000130396","ebi-a-GCST90027158","Alzheimer disease","AFDN","Inverse variance weighted",3,0.0400154092007474,0.0187183965746173,0.0325363582861363,0.0033273519144974,0.0767034664869973,1.04082681237812,1.00333289369466,1.079721855202,0.0415205215321804
"eqtl-a-ENSG00000130595","ebi-a-GCST90027158","Alzheimer disease","TNNT3","Inverse variance weighted",4,-0.0446382679266318,0.0204318429343433,0.0289079033622418,-0.0846846800779447,-0.00459185577531892,0.95634335933806,0.918801955290483,0.995418670676266,0.0401543813511802
"eqtl-a-ENSG00000131042","ebi-a-GCST90027158","Alzheimer disease","LILRB2","Inverse variance weighted",3,-0.117509585254057,0.0518768922787954,0.0235027162227172,-0.219188294120496,-0.015830876387618,0.889131989149596,0.803170471637093,0.984293773297887,0.0357252965861217
"eqtl-a-ENSG00000131126","ebi-a-GCST90027158","Alzheimer disease","TEX101","Inverse variance weighted",4,0.0546238326215558,0.0253937430536147,0.0314703214759537,0.00485209623647092,0.104395569006641,1.05614325330413,1.00486388671722,1.11003946528903,0.0411353640266211
"eqtl-a-ENSG00000131323","ebi-a-GCST90027158","Alzheimer disease","TRAF3","Inverse variance weighted",5,-0.10311280538067,0.0244416541471285,2.45679335358361e-05,-0.151018447509042,-0.0552071632522977,0.902025214444452,0.859831836757317,0.946289091320548,0.000408295657333657
"eqtl-a-ENSG00000131378","ebi-a-GCST90027158","Alzheimer disease","RFTN1","Inverse variance weighted",3,-0.0597334127780793,0.0234110107707789,0.0107257447425818,-0.105618993888806,-0.0138478316673527,0.942015629442947,0.899767399654476,0.986247608499223,0.0254645232323881
"eqtl-a-ENSG00000131507","ebi-a-GCST90027158","Alzheimer disease","NDFIP1","Inverse variance weighted",3,0.0815074579441175,0.0273452984250117,0.00287613489949597,0.0279106730310945,0.13510424285714,1.08492130883632,1.02830382505492,1.14465610035463,0.0129114104076631
"eqtl-a-ENSG00000132122","ebi-a-GCST90027158","Alzheimer disease","SPATA6","Inverse variance weighted",3,-0.10404244639405,0.0398432463589562,0.00902002047573626,-0.182135209257604,-0.0259496835304954,0.901187044468959,0.833488637416776,0.974384115943979,0.0236066743545779
"eqtl-a-ENSG00000132376","ebi-a-GCST90027158","Alzheimer disease","INPP5K","Inverse variance weighted",3,-0.0558595150462958,0.0194091241602234,0.00400201497628956,-0.0939013984003336,-0.0178176316922579,0.945671979243155,0.910372522002428,0.982340163737149,0.015701105694833
"eqtl-a-ENSG00000132530","ebi-a-GCST90027158","Alzheimer disease","XAF1","Inverse variance weighted",5,-0.110590742982439,0.0542447411198001,0.0414763156723635,-0.216910435577248,-0.00427105038763115,0.895305083849772,0.805002065621643,0.995738057576604,0.0453769096227425
"eqtl-a-ENSG00000134352","ebi-a-GCST90027158","Alzheimer disease","IL6ST","Inverse variance weighted",4,-0.090010907892655,0.0392645025679751,0.0218811592792296,-0.166969332925886,-0.0130524828594239,0.913921216262336,0.846225562201301,0.987032331381803,0.0350466183805698
"eqtl-a-ENSG00000134571","ebi-a-GCST90027158","Alzheimer disease","MYBPC3","Inverse variance weighted",6,0.0537122143753048,0.0173400090853624,0.00195102069553161,0.0197257965679946,0.087698632182615,1.05518089256322,1.01992163566768,1.09165908153485,0.0109823584312989
"eqtl-a-ENSG00000134765","ebi-a-GCST90027158","Alzheimer disease","DSC1","Inverse variance weighted",10,-0.034648026534208,0.0174102723315466,0.0465809104052658,-0.0687721603040393,-0.000523892764376657,0.9659453435617,0.933539353171989,0.999476244443476,0.0476762309164197
"eqtl-a-ENSG00000135077","ebi-a-GCST90027158","Alzheimer disease","HAVCR2","Inverse variance weighted",6,-0.0934712175305422,0.0330637459807293,0.00469862939736633,-0.158276159652772,-0.0286662754083127,0.910764231092615,0.853614015665243,0.971740704129933,0.0169053779348541
"eqtl-a-ENSG00000135250","ebi-a-GCST90027158","Alzheimer disease","SRPK2","Inverse variance weighted",3,0.0767006620141398,0.0364512433765228,0.0353611105129691,0.00525622499615509,0.148145099032125,1.07971882715561,1.00527006318168,1.1596811527686,0.0425951802953142
"eqtl-a-ENSG00000135318","ebi-a-GCST90027158","Alzheimer disease","NT5E","Inverse variance weighted",11,-0.0309118624765445,0.012615122545292,0.0142704939877985,-0.0556375026653169,-0.00618622228777218,0.969561024017749,0.945881953438465,0.993832872989158,0.0289558279171028
"eqtl-a-ENSG00000135823","ebi-a-GCST90027158","Alzheimer disease","STX6","Inverse variance weighted",3,-0.056071625561028,0.0237502600227278,0.0182313978567564,-0.102622135205575,-0.00952111591648151,0.945471413544669,0.902467919916667,0.990524066398612,0.032965437971591
"eqtl-a-ENSG00000135919","ebi-a-GCST90027158","Alzheimer disease","SERPINE2","Inverse variance weighted",6,-0.0286557652482154,0.0122951337009246,0.0197713424519196,-0.0527542273020276,-0.00455730319440314,0.971750917333977,0.948613127042093,0.995453065554642,0.0343293458493529
"eqtl-a-ENSG00000136167","ebi-a-GCST90027158","Alzheimer disease","LCP1","Inverse variance weighted",3,-0.0773351030920286,0.026887149213791,0.00402386257078932,-0.130033915551059,-0.0246362906329983,0.925579637033843,0.878065650335155,0.975664705896082,0.015701105694833
"eqtl-a-ENSG00000136238","ebi-a-GCST90027158","Alzheimer disease","RAC1","Inverse variance weighted",3,-0.0769289855078399,0.0257109175647851,0.002770884686676,-0.127322383934819,-0.0265355870808611,0.925955607538959,0.880449783973282,0.973813388043106,0.0127241941532885
"eqtl-a-ENSG00000136381","ebi-a-GCST90027158","Alzheimer disease","IREB2","Inverse variance weighted",4,0.0439841785508433,0.0146752587402256,0.00272502769837375,0.0152206714200012,0.0727476856816854,1.04496582188403,1.01533709577488,1.07545914893657,0.0126847570063435
"eqtl-a-ENSG00000136869","ebi-a-GCST90027158","Alzheimer disease","TLR4","Inverse variance weighted",5,-0.0440622949714631,0.014930529909023,0.00316588895225147,-0.0733261335931481,-0.014798456349778,0.956894345910344,0.929297705399152,0.985310502668138,0.0136406820288366
"eqtl-a-ENSG00000137337","ebi-a-GCST90027158","Alzheimer disease","MDC1","Inverse variance weighted",3,-0.111199701475576,0.0428796028864776,0.00950596341819895,-0.195243723133072,-0.0271556798180803,0.894760046184514,0.822634138651758,0.973209720618009,0.0238674908845427
"eqtl-a-ENSG00000137513","ebi-a-GCST90027158","Alzheimer disease","NARS2","Inverse variance weighted",3,0.0618192030239693,0.0237932084305962,0.00937174620592542,0.0151845145000006,0.108453891547938,1.06377000094161,1.01530038497641,1.11455351701615,0.0238674908845427
"eqtl-a-ENSG00000138185","ebi-a-GCST90027158","Alzheimer disease","ENTPD1","Inverse variance weighted",5,0.0392266185874768,0.0161414852726967,0.015091573772984,0.00758930745299131,0.0708639297219623,1.0400061416697,1.00761817923954,1.07343515331075,0.0300969099815509
"eqtl-a-ENSG00000138604","ebi-a-GCST90027158","Alzheimer disease","GLCE","Inverse variance weighted",4,0.063946118702999,0.0195921479138641,0.00109903660834708,0.0255455087918253,0.102346728614173,1.06603495786785,1.02587459152137,1.10776749983736,0.00767127552626262
"eqtl-a-ENSG00000138942","ebi-a-GCST90027158","Alzheimer disease","RNF185","Inverse variance weighted",6,-0.0547292099875526,0.0229360251270343,0.017024970121351,-0.09968381923654,-0.00977460073856532,0.946741481383179,0.905123555454791,0.990273015402024,0.0319447020018898
"eqtl-a-ENSG00000139405","ebi-a-GCST90027158","Alzheimer disease","RITA1","Inverse variance weighted",4,-0.0840423604693613,0.0276837515569276,0.00239897645434311,-0.138302513520939,-0.0297822074177833,0.919392309380477,0.870835212468504,0.970656912404698,0.012312393861261
"eqtl-a-ENSG00000139410","ebi-a-GCST90027158","Alzheimer disease","SDSL","Inverse variance weighted",3,0.0546962538783384,0.0205005395689965,0.00762952374441262,0.0145151963231052,0.0948773114335716,1.05621974329559,1.0146210533436,1.09952394783357,0.0221891982233334
"eqtl-a-ENSG00000140090","ebi-a-GCST90027158","Alzheimer disease","SLC24A4","Inverse variance weighted",13,-0.0548824415957575,0.0152610542391781,0.000322847688144262,-0.0847941079045467,-0.0249707752869684,0.946596421777575,0.918701418290311,0.975338415597131,0.00331393656359845
"eqtl-a-ENSG00000140545","ebi-a-GCST90027158","Alzheimer disease","MFGE8","Inverse variance weighted",4,0.0279551783009806,0.0133759513940852,0.0366215614444648,0.0017383135685737,0.0541720430333876,1.02834959101259,1.00173982531144,1.05566620654917,0.0427455683749773
"eqtl-a-ENSG00000141298","ebi-a-GCST90027158","Alzheimer disease","SSH2","Inverse variance weighted",5,0.0788900732142662,0.0169207342976622,3.12646981587532e-06,0.0457254339908484,0.112054712437684,1.08208536536607,1.04678695937866,1.11857405888437,7.79384261243205e-05
"eqtl-a-ENSG00000141447","ebi-a-GCST90027158","Alzheimer disease","OSBPL1A","Inverse variance weighted",7,-0.0408217451023463,0.0167235169595441,0.0146475273611147,-0.0735998383430526,-0.00804365186163989,0.960000239441222,0.929043387008772,0.991988611742309,0.029549058086873
"eqtl-a-ENSG00000141480","ebi-a-GCST90027158","Alzheimer disease","ARRB2","Inverse variance weighted",5,0.0390938077929571,0.0189978801352238,0.0396094874718647,0.00185796272791843,0.0763296528579958,1.03986802679949,1.00185968981012,1.07931831588594,0.0446165368943218
"eqtl-a-ENSG00000141736","ebi-a-GCST90027158","Alzheimer disease","ERBB2","Inverse variance weighted",8,-0.111387480092189,0.0510973714780322,0.0292644106166378,-0.211538328189132,-0.0112366319952459,0.894592045154835,0.809338259988338,0.988826263157067,0.0401543813511802
"eqtl-a-ENSG00000141753","ebi-a-GCST90027158","Alzheimer disease","IGFBP4","Inverse variance weighted",3,0.0472228328607009,0.0230739305094424,0.0406985388737099,0.00199792906219384,0.0924477366592079,1.04835559112921,1.00199992625232,1.09685581471303,0.0450913970378564
"eqtl-a-ENSG00000142197","ebi-a-GCST90027158","Alzheimer disease","DOP1B","Inverse variance weighted",3,-0.100942277697268,0.0341395477099066,0.00310895060888544,-0.167855791208685,-0.0340287641858511,0.903985211487958,0.845475750929878,0.966543702394965,0.0135627970312627
"eqtl-a-ENSG00000142347","ebi-a-GCST90027158","Alzheimer disease","MYO1F","Inverse variance weighted",3,0.0795448425303458,0.038617803874384,0.039417936735876,0.00385394693655311,0.155235738124139,1.08279411366869,1.00386138293963,1.16793325504988,0.0446165368943218
"eqtl-a-ENSG00000142512","ebi-a-GCST90027158","Alzheimer disease","SIGLEC10","Inverse variance weighted",11,0.0671994371334831,0.025860933078654,0.00936341275228001,0.0165120082993213,0.117886865967645,1.06950875666673,1.01664908493927,1.12511681516454,0.0238674908845427
"eqtl-a-ENSG00000142634","ebi-a-GCST90027158","Alzheimer disease","EFHD2","Inverse variance weighted",5,-0.0623129982810584,0.0206861249249035,0.00259268618630796,-0.102857803133869,-0.0217681934282476,0.939588751097512,0.90225526223091,0.978467023850999,0.0126847570063435
"eqtl-a-ENSG00000142961","ebi-a-GCST90027158","Alzheimer disease","MOB3C","Inverse variance weighted",6,-0.0350333591379726,0.0178553085730704,0.0497543752279255,-0.0700297639411905,-3.6954334754688e-05,0.965573205030531,0.932366068604122,0.999963046348048,0.0498973475705345
"eqtl-a-ENSG00000143771","ebi-a-GCST90027158","Alzheimer disease","CNIH4","Inverse variance weighted",4,-0.0480756745767098,0.0176023138075682,0.00631016061336262,-0.0825762096395434,-0.0135751395138761,0.953061661810679,0.920741265822965,0.986516587155963,0.0205817388230239
"eqtl-a-ENSG00000143799","ebi-a-GCST90027158","Alzheimer disease","PARP1","Inverse variance weighted",3,-0.051188171188521,0.0226715038763463,0.0239568939593038,-0.0956243187861597,-0.00675202359088223,0.950099872288433,0.908805373049681,0.993270720102962,0.0360386034129182
"eqtl-a-ENSG00000143847","ebi-a-GCST90027158","Alzheimer disease","PPFIA4","Inverse variance weighted",5,0.0357052745483406,0.0173978259116409,0.040142099096897,0.00160553576152452,0.0698050133351567,1.03635036264749,1.00160682532412,1.07229907684788,0.0446165368943218
"eqtl-a-ENSG00000144476","ebi-a-GCST90027158","Alzheimer disease","ACKR3","Inverse variance weighted",3,-0.0667960116491618,0.0261306132786854,0.0105811359702993,-0.118012013675385,-0.0155800096229385,0.935385989722252,0.888685376172857,0.984540730867716,0.0254298343207369
"eqtl-a-ENSG00000145416","ebi-a-GCST90027158","Alzheimer disease","MARCHF1","Inverse variance weighted",3,0.0448522530994174,0.0223969818363314,0.0452199651802064,0.000954168700207987,0.0887503374986269,1.04587332395088,1.00095462406398,1.09280778913924,0.0473331418013285
"eqtl-a-ENSG00000145945","ebi-a-GCST90027158","Alzheimer disease","FAM50B","Inverse variance weighted",4,0.0523897745309366,0.0217400208360962,0.0159599147670672,0.00977933369218797,0.0950002153696851,1.05378640157633,1.00982730763278,1.09965909195931,0.0307735373132953
"eqtl-a-ENSG00000146021","ebi-a-GCST90027158","Alzheimer disease","KLHL3","Inverse variance weighted",5,-0.0521149023537474,0.0244202407436297,0.0328357133033862,-0.0999785742112615,-0.00425123049623323,0.94921979298815,0.904856805099012,0.995757793192344,0.0415205215321804
"eqtl-a-ENSG00000146072","ebi-a-GCST90027158","Alzheimer disease","TNFRSF21","Inverse variance weighted",7,-0.0718280101485606,0.0333286758718266,0.0311507686062106,-0.137152214857341,-0.00650380543978045,0.930690951445314,0.871837509409518,0.993517298526004,0.0410466400230901
"eqtl-a-ENSG00000146109","ebi-a-GCST90027158","Alzheimer disease","ABT1","Inverse variance weighted",3,0.0576242561375294,0.0256656164208617,0.0247557607689846,0.00731964795264056,0.107928864322418,1.05931688910242,1.00734650205659,1.11396849966387,0.0366091546965069
"eqtl-a-ENSG00000146285","ebi-a-GCST90027158","Alzheimer disease","SCML4","Inverse variance weighted",4,0.0395405556766182,0.0186299292114984,0.0338023881449538,0.00302589442208126,0.0760552169311551,1.04033268942555,1.00303047706164,1.07902215280432,0.041833451994996
"eqtl-a-ENSG00000147852","ebi-a-GCST90027158","Alzheimer disease","VLDLR","Inverse variance weighted",7,-0.0287419641859092,0.0139009484686472,0.038675193699597,-0.0559878231844577,-0.0014961051873607,0.971667157047276,0.945550649616142,0.998505013420084,0.044546675251351
"eqtl-a-ENSG00000147862","ebi-a-GCST90027158","Alzheimer disease","NFIB","Inverse variance weighted",9,-0.0295879695939689,0.0145747671274516,0.0423482244232881,-0.0581545131637741,-0.00102142602416378,0.970845469002853,0.943504152361844,0.998979095453832,0.0459229685963937
"eqtl-a-ENSG00000148291","ebi-a-GCST90027158","Alzheimer disease","SURF2","Inverse variance weighted",3,-0.109002492777516,0.0439782441293169,0.0131915805836312,-0.195199851270978,-0.0228051342840551,0.896728182151599,0.822670229934933,0.977452937282671,0.0274039382362339
"eqtl-a-ENSG00000148341","ebi-a-GCST90027158","Alzheimer disease","SH3GLB2","Inverse variance weighted",8,0.0330789187283536,0.0143669225326585,0.0213106003575042,0.00491975056434292,0.0612380868923644,1.0336321089542,1.00493187240781,1.06315200661437,0.0348571874222445
"eqtl-a-ENSG00000149534","ebi-a-GCST90027158","Alzheimer disease","MS4A2","Inverse variance weighted",3,-0.243022116387492,0.101121229167818,0.0162489653767212,-0.441219725556415,-0.0448245072185697,0.784254168710665,0.643251352282655,0.956165267212358,0.0309884640244574
"eqtl-a-ENSG00000149557","ebi-a-GCST90027158","Alzheimer disease","FEZ1","Inverse variance weighted",6,0.0522084156657277,0.0244485968799105,0.0327254069044066,0.00428916578110305,0.100127665550352,1.05359530539938,1.00429837741802,1.10531201933583,0.0415205215321804
"eqtl-a-ENSG00000150637","ebi-a-GCST90027158","Alzheimer disease","CD226","Inverse variance weighted",4,-0.0362820901324348,0.0159682099698573,0.0230777475315983,-0.0675797816733551,-0.00498439859151448,0.964368216351924,0.934653149449091,0.995028002909914,0.0356377605687071
"eqtl-a-ENSG00000150867","ebi-a-GCST90027158","Alzheimer disease","PIP4K2A","Inverse variance weighted",3,0.159985082397953,0.0436317157341187,0.000245686009231031,0.0744669195590803,0.245503245236826,1.17349336515421,1.07730970505274,1.27826443185485,0.00259831567338272
"eqtl-a-ENSG00000151148","ebi-a-GCST90027158","Alzheimer disease","UBE3B","Inverse variance weighted",3,0.0278722412299811,0.0131226763823385,0.0336722044138715,0.00215179552059765,0.0535926869393645,1.02826430624623,1.00215411229402,1.05505477703396,0.0418206382222105
"eqtl-a-ENSG00000151151","ebi-a-GCST90027158","Alzheimer disease","IPMK","Inverse variance weighted",3,0.0586273566498019,0.0239022736467646,0.0141751436394669,0.0117789003021433,0.105475812997461,1.06038002354275,1.01184854472459,1.11123922665181,0.0289305563168067
"eqtl-a-ENSG00000151718","ebi-a-GCST90027158","Alzheimer disease","WWC2","Inverse variance weighted",6,0.0931762082413294,0.0356254221404398,0.00891121796550906,0.0233503808460675,0.163002035636591,1.09765513410911,1.02362513536198,1.17703908570986,0.0236066743545779
"eqtl-a-ENSG00000151726","ebi-a-GCST90027158","Alzheimer disease","ACSL1","Inverse variance weighted",4,-0.106569679421356,0.0440245053302027,0.0154910818651585,-0.192857709868554,-0.0202816489741592,0.898912410282373,0.824599298134409,0.979922640229987,0.0305445625476854
"eqtl-a-ENSG00000152234","ebi-a-GCST90027158","Alzheimer disease","ATP5F1A","Inverse variance weighted",3,0.0588247563604646,0.0205670292898278,0.00423442778963528,0.0185133789524021,0.099136133768527,1.06058936291367,1.01868581402742,1.10421661049591,0.0160163208384894
"eqtl-a-ENSG00000152256","ebi-a-GCST90027158","Alzheimer disease","PDK1","Inverse variance weighted",4,0.0398858805298826,0.019649516627362,0.042370188790942,0.00137282794025313,0.078398933119512,1.04069200419546,1.0013737706999,1.08155404034538,0.0459229685963937
"eqtl-a-ENSG00000152672","ebi-a-GCST90027158","Alzheimer disease","CLEC4F","Inverse variance weighted",9,0.0223675314739018,0.00966396975393357,0.0206387608129169,0.00342615075619206,0.0413089121916116,1.02261956028572,1.00343202671942,1.04217399607813,0.0347298677223585
"eqtl-a-ENSG00000152689","ebi-a-GCST90027158","Alzheimer disease","RASGRP3","Inverse variance weighted",6,-0.0592186888864008,0.0211451806232066,0.00510114678128558,-0.100663242907886,-0.0177741348649158,0.942500632204302,0.904237490006655,0.982382893346937,0.0176267349175116
"eqtl-a-ENSG00000152760","ebi-a-GCST90027158","Alzheimer disease","DYNLT5","Inverse variance weighted",3,0.0428593733327878,0.0209760409030947,0.0410273296570513,0.00174633316272215,0.0839724135028534,1.04379109966558,1.00174785889049,1.0875988903513,0.0451693350719713
"eqtl-a-ENSG00000152953","ebi-a-GCST90027158","Alzheimer disease","STK32B","Inverse variance weighted",4,-0.0715890208187244,0.0346718369598633,0.0389457177731375,-0.139545821260056,-0.00363222037739226,0.930913403232827,0.869753169105176,0.996374368155628,0.0446165368943218
"eqtl-a-ENSG00000154102","ebi-a-GCST90027158","Alzheimer disease","C16orf74","Inverse variance weighted",3,-0.0556738314336086,0.0222675666867612,0.0124115953772711,-0.0993182621396605,-0.0120294007275567,0.945847591336317,0.905454490278142,0.988042663261736,0.0269046384265069
"eqtl-a-ENSG00000154237","ebi-a-GCST90027158","Alzheimer disease","LRRK1","Inverse variance weighted",3,0.041792991625118,0.0196276115549504,0.0332297918031306,0.00332287297741518,0.0802631102728209,1.0426786132033,1.00332839983982,1.08357212913053,0.0417165371916999
"eqtl-a-ENSG00000154319","ebi-a-GCST90027158","Alzheimer disease","FAM167A","Inverse variance weighted",4,-0.0639935819099196,0.0156190595437025,4.18273427227322e-05,-0.0946069386155765,-0.0333802252042626,0.938011019750632,0.909730444109825,0.967170746972825,0.000634684461314502
"eqtl-a-ENSG00000154856","ebi-a-GCST90027158","Alzheimer disease","APCDD1","Inverse variance weighted",5,-0.0456400113957479,0.0194293087028576,0.018822436072458,-0.0837214564533487,-0.00755856633814699,0.955385828303913,0.919687393409141,0.99246992778762,0.0330468811012709
"eqtl-a-ENSG00000155016","ebi-a-GCST90027158","Alzheimer disease","CYP2U1","Inverse variance weighted",3,0.0702914047200275,0.0302624428494291,0.0201938022018033,0.0109770167351465,0.129605792704908,1.07282076074186,1.01103748523539,1.13837953734305,0.0344362912264153
"eqtl-a-ENSG00000155542","ebi-a-GCST90027158","Alzheimer disease","SETD9","Inverse variance weighted",3,-0.0697885477348418,0.026323877618658,0.00802182101024255,-0.121383347867412,-0.018193747602272,0.932590997537281,0.885694365459514,0.981970759446292,0.0223299980886111
"eqtl-a-ENSG00000155744","ebi-a-GCST90027158","Alzheimer disease","HYCC2","Inverse variance weighted",6,-0.0690578517733255,0.0347768082677236,0.0470617138217075,-0.137220395978064,-0.000895307568587175,0.933272687036479,0.871778068577432,0.999105093099651,0.0477457503598137
"eqtl-a-ENSG00000155876","ebi-a-GCST90027158","Alzheimer disease","RRAGA","Inverse variance weighted",3,-0.169057691920694,0.0524359582269764,0.00126378360548404,-0.271832170045568,-0.0662832137958202,0.844460183450742,0.761982133785895,0.935865776656168,0.00832189581724396
"eqtl-a-ENSG00000155957","ebi-a-GCST90027158","Alzheimer disease","TMBIM4","Inverse variance weighted",4,-0.0469864762998252,0.0216405732902494,0.0299144388289595,-0.089401999948714,-0.00457095265093629,0.954100300469524,0.914477879612222,0.995439478254023,0.0401543813511802
"eqtl-a-ENSG00000156395","ebi-a-GCST90027158","Alzheimer disease","SORCS3","Inverse variance weighted",5,-0.0959180472756333,0.0397472617629169,0.0158131886715028,-0.17382268033095,-0.0180134142203162,0.908538470220631,0.840445912037427,0.982147857522192,0.030729173750002
"eqtl-a-ENSG00000156471","ebi-a-GCST90027158","Alzheimer disease","PTDSS1","Inverse variance weighted",3,0.0620825111808354,0.0295992876973578,0.0359552970921723,0.00406790729401406,0.120097115067657,1.06405013713934,1.00407619245951,1.12760635382947,0.0425951802953142
"eqtl-a-ENSG00000156689","ebi-a-GCST90027158","Alzheimer disease","GLYATL2","Inverse variance weighted",3,0.0443981582079739,0.0219503577253407,0.0431079896071329,0.00137545706630618,0.0874208593496417,1.04539850603173,1.00137640344123,1.09135589041021,0.0464107062799027
"eqtl-a-ENSG00000156886","ebi-a-GCST90027158","Alzheimer disease","ITGAD","Inverse variance weighted",3,0.0713508124491262,0.0190647467885598,0.000182160584831248,0.0339839087435489,0.108717716154703,1.07395791759775,1.03456795909583,1.11484760245128,0.00205077561632599
"eqtl-a-ENSG00000157445","ebi-a-GCST90027158","Alzheimer disease","CACNA2D3","Inverse variance weighted",11,-0.0680367013974972,0.0194783186455896,0.000477724370807144,-0.106214205942853,-0.0298591968521415,0.93422618554142,0.899232006604369,0.970582184954705,0.00438752119504456
"eqtl-a-ENSG00000157601","ebi-a-GCST90027158","Alzheimer disease","MX1","Inverse variance weighted",11,-0.0367544771652324,0.0181192073002845,0.0425111275221823,-0.0722681234737899,-0.00124083085667485,0.963912768893883,0.930281432079988,0.998759938655622,0.0459330758676211
"eqtl-a-ENSG00000157954","ebi-a-GCST90027158","Alzheimer disease","WIPI2","Inverse variance weighted",4,0.0339862981597844,0.0141219581958907,0.0161005665266043,0.00630726009583853,0.0616653362237303,1.03457043111226,1.00632719274556,1.0636063346471,0.0308741632845324
"eqtl-a-ENSG00000158517","ebi-a-GCST90027158","Alzheimer disease","NCF1","Inverse variance weighted",8,-0.0581297858290756,0.0290742773009204,0.045570016175491,-0.115115369338879,-0.00114420231927168,0.94352748299326,0.89126331351596,0.998856452030609,0.0473331418013285
"eqtl-a-ENSG00000158792","ebi-a-GCST90027158","Alzheimer disease","SPATA2L","Inverse variance weighted",3,-0.0445400042828803,0.0212006467903529,0.0356515451680868,-0.086093271991972,-0.00298673657378858,0.956437337738481,0.91750864936964,0.997017719286628,0.0425951802953142
"eqtl-a-ENSG00000158869","ebi-a-GCST90027158","Alzheimer disease","FCER1G","Inverse variance weighted",5,-0.10182740783346,0.020533175181985,7.07967446188367e-07,-0.142072431190151,-0.0615823844767695,0.90318542094617,0.867558415921543,0.94027547844511,2.4708063871974e-05
"eqtl-a-ENSG00000159110","ebi-a-GCST90027158","Alzheimer disease","IFNAR2","Inverse variance weighted",5,-0.0837650156293175,0.0273072887098296,0.00215859906863678,-0.137287301500584,-0.0302427297580515,0.919647333456631,0.871719743761381,0.970210006124862,0.0114144102265793
"eqtl-a-ENSG00000159267","ebi-a-GCST90027158","Alzheimer disease","HLCS","Inverse variance weighted",3,-0.0371092558137559,0.0177547046281731,0.0366080707148944,-0.0719084768849751,-0.0023100347425366,0.9635708538801,0.930616064794823,0.997692631334414,0.0427455683749773
"eqtl-a-ENSG00000159399","ebi-a-GCST90027158","Alzheimer disease","HK2","Inverse variance weighted",6,-0.0257255596455159,0.0120396474353037,0.0326193921570568,-0.0493232686187112,-0.00212785067232072,0.97460252317173,0.951873369167285,0.997874411597046,0.0415205215321804
"eqtl-a-ENSG00000159618","ebi-a-GCST90027158","Alzheimer disease","ADGRG5","Inverse variance weighted",3,0.0500144070454664,0.0236674291432013,0.0345822226401815,0.00362624592479183,0.0964025681661411,1.05128624219561,1.00363282870907,1.10120228375883,0.0421999849700117
"eqtl-a-ENSG00000159788","ebi-a-GCST90027158","Alzheimer disease","RGS12","Inverse variance weighted",8,-0.0421382766090949,0.019554349054209,0.0311672195017733,-0.0804648007553447,-0.00381175246284519,0.958737200477238,0.922687380911026,0.996195503043914,0.0410466400230901
"eqtl-a-ENSG00000160013","ebi-a-GCST90027158","Alzheimer disease","PTGIR","Inverse variance weighted",3,-0.0531566339880047,0.024434816131942,0.0295966769473667,-0.101048873606611,-0.00526439436939841,0.948231475572067,0.903888855497975,0.994749438270504,0.0401543813511802
"eqtl-a-ENSG00000160229","ebi-a-GCST90027158","Alzheimer disease","ZNF66","Inverse variance weighted",5,-0.0648220753874387,0.0223103767968409,0.00366704893232743,-0.108550413909247,-0.0210937368656306,0.937234205576099,0.897133665661688,0.979127179954823,0.0154192780407503
"eqtl-a-ENSG00000161010","ebi-a-GCST90027158","Alzheimer disease","MRNIP","Inverse variance weighted",3,-0.103032852121269,0.0387054336835052,0.00776839145231673,-0.178895502140939,-0.0271702021015987,0.902097337183594,0.836193275238685,0.973195587493147,0.0223241865367664
"eqtl-a-ENSG00000161203","ebi-a-GCST90027158","Alzheimer disease","AP2M1","Inverse variance weighted",5,0.0695345516461257,0.0210890985580353,0.000976609291827471,0.0281999184723765,0.110869184819875,1.07200910024396,1.02860130026817,1.1172487441988,0.00735838646210694
"eqtl-a-ENSG00000161395","ebi-a-GCST90027158","Alzheimer disease","PGAP3","Inverse variance weighted",4,-0.0452975652491528,0.019925834327702,0.0230076056381867,-0.0843522005314487,-0.00624292996685699,0.955713052524467,0.919107488936927,0.993776516631467,0.0356377605687071
"eqtl-a-ENSG00000161640","ebi-a-GCST90027158","Alzheimer disease","SIGLEC11","Inverse variance weighted",3,0.0692115225805148,0.015608158586111,9.2364647611687e-06,0.0386195317517373,0.0998035134092922,1.07166286607085,1.03937495924266,1.10495378814206,0.000189619188332228
"eqtl-a-ENSG00000161955","ebi-a-GCST90027158","Alzheimer disease","TNFSF13","Inverse variance weighted",3,-0.0696860565710151,0.0218785632768473,0.00144689261721346,-0.112568040593636,-0.0268040725483944,0.932686584772332,0.893536548282965,0.973551968395585,0.00918119133468177
"eqtl-a-ENSG00000163069","ebi-a-GCST90027158","Alzheimer disease","SGCB","Inverse variance weighted",3,0.0785967057751478,0.0307696072834352,0.0106382687989329,0.0182882754996149,0.138905136050681,1.08176796331351,1.01845653014065,1.14901509472364,0.0254298343207369
"eqtl-a-ENSG00000163421","ebi-a-GCST90027158","Alzheimer disease","PROK2","Inverse variance weighted",11,-0.0392707427081282,0.0165460129160397,0.017623908414143,-0.0717009280235661,-0.00684055739269034,0.961490357400587,0.930809233144722,0.993182785962516,0.0323045430427586
"eqtl-a-ENSG00000163694","ebi-a-GCST90027158","Alzheimer disease","RBM47","Inverse variance weighted",4,-0.0649344925615546,0.025599348802404,0.0111944955005936,-0.115109216214266,-0.0147597689088428,0.937128850277207,0.891268797587064,0.985348622547388,0.0262206639577662
"eqtl-a-ENSG00000163703","ebi-a-GCST90027158","Alzheimer disease","CRELD1","Inverse variance weighted",7,-0.0515585927143158,0.0183711775103372,0.00500839022346835,-0.0875661006345767,-0.0155510847940548,0.949748000018638,0.916158311003621,0.984569208951745,0.0174792818799045
"eqtl-a-ENSG00000163739","ebi-a-GCST90027158","Alzheimer disease","CXCL1","Inverse variance weighted",7,0.0586867932043428,0.0204166433278566,0.00404721001170742,0.0186701722817439,0.0987034141269418,1.06044305075089,1.01884554969017,1.1037388976453,0.015701105694833
"eqtl-a-ENSG00000163902","ebi-a-GCST90027158","Alzheimer disease","RPN1","Inverse variance weighted",3,0.0688180536408425,0.0232624384042265,0.00309307164528694,0.0232236743685586,0.114412432913126,1.07124128296461,1.02349544364335,1.12121445528149,0.0135627970312627
"eqtl-a-ENSG00000164308","ebi-a-GCST90027158","Alzheimer disease","ERAP2","Inverse variance weighted",8,-0.0253750525462163,0.0114571137003666,0.0267747714616127,-0.047830995398935,-0.00291910969349773,0.974944188149599,0.953294884685686,0.997085146764507,0.0387623866278016
"eqtl-a-ENSG00000164615","ebi-a-GCST90027158","Alzheimer disease","CAMLG","Inverse variance weighted",3,0.0507648703607564,0.023292132257531,0.0292956020700555,0.00511229113599564,0.0964174495855172,1.05207549006799,1.00512538119355,1.10121867133377,0.0401543813511802
"eqtl-a-ENSG00000164828","ebi-a-GCST90027158","Alzheimer disease","SUN1","Inverse variance weighted",4,0.0780884993309009,0.0337807174876584,0.0207981156274296,0.0118782930550904,0.144298705606711,1.08121834153587,1.01194912013517,1.15522913041065,0.0347298677223585
"eqtl-a-ENSG00000165097","ebi-a-GCST90027158","Alzheimer disease","KDM1B","Inverse variance weighted",3,-0.0567760991987612,0.0225315505574351,0.0117405275546211,-0.100937938291334,-0.0126142601061885,0.944805588414258,0.90398913425526,0.98746496619588,0.0263121468767595
"eqtl-a-ENSG00000165140","ebi-a-GCST90027158","Alzheimer disease","FBP1","Inverse variance weighted",3,0.0655854207375133,0.0289445456222403,0.0234575599188186,0.00885411131792228,0.122316730157104,1.06778394430999,1.00889342490483,1.13011198564778,0.0357252965861217
"eqtl-a-ENSG00000165458","ebi-a-GCST90027158","Alzheimer disease","INPPL1","Inverse variance weighted",4,0.0572353639020581,0.0255489440342453,0.0250763683155273,0.00715943359493724,0.107311294209179,1.05890500908301,1.0071851236117,1.11328075839748,0.0369268039751858
"eqtl-a-ENSG00000165905","ebi-a-GCST90027158","Alzheimer disease","LARGE2","Inverse variance weighted",3,0.108566827296703,0.0435536230922299,0.012677008199787,0.0232017260359325,0.193931928557474,1.11467939706018,1.02347297987144,1.21401364048371,0.0271427966977035
"eqtl-a-ENSG00000166046","ebi-a-GCST90027158","Alzheimer disease","TCP11L2","Inverse variance weighted",4,-0.0490555140250146,0.0170668291652949,0.00404899573792254,-0.0825064991889927,-0.0156045288610366,0.952128271758644,0.920805453348691,0.984516590975066,0.015701105694833
"eqtl-a-ENSG00000166068","ebi-a-GCST90027158","Alzheimer disease","SPRED1","Inverse variance weighted",7,-0.0737625701006456,0.0270042880003459,0.0063044208584723,-0.126690974581324,-0.0208341656199678,0.928892214446146,0.88100588374699,0.97938136620488,0.0205817388230239
"eqtl-a-ENSG00000166164","ebi-a-GCST90027158","Alzheimer disease","BRD7","Inverse variance weighted",4,-0.0526195956690824,0.0196961075605032,0.00754965749175969,-0.0912239664876686,-0.0140152248504961,0.948740848973933,0.912813248426602,0.986082531189462,0.0221891982233334
"eqtl-a-ENSG00000166398","ebi-a-GCST90027158","Alzheimer disease","GARRE1","Inverse variance weighted",4,0.0540043479819183,0.0233955195500208,0.0209813394059359,0.00814912966387752,0.0998595662999592,1.05548919139302,1.00818242420006,1.10501572573182,0.0348571874222445
"eqtl-a-ENSG00000166900","ebi-a-GCST90027158","Alzheimer disease","STX3","Inverse variance weighted",3,-0.0652571423514684,0.0314371365125191,0.0379126455167045,-0.126873929916006,-0.00364035478693098,0.936826534624207,0.880844713764575,0.996366263271427,0.0439585158981059
"eqtl-a-ENSG00000166971","ebi-a-GCST90027158","Alzheimer disease","AKTIP","Inverse variance weighted",3,-0.0538407672625945,0.0186597497613232,0.00390921601533143,-0.090413876794788,-0.0172676577304009,0.947582980721361,0.913553008626278,0.982880573841012,0.015701105694833
"eqtl-a-ENSG00000167394","ebi-a-GCST90027158","Alzheimer disease","ZNF668","Inverse variance weighted",3,0.0864401709071914,0.0225421882030076,0.00012577115754387,0.0422574820292965,0.130622859785086,1.09028613493603,1.04316303991085,1.13953793467927,0.00156764764224324
"eqtl-a-ENSG00000167483","ebi-a-GCST90027158","Alzheimer disease","NIBAN3","Inverse variance weighted",7,0.0638668881674615,0.0319254002381955,0.0454458775833882,0.00129310370059831,0.126440672634325,1.06595049869315,1.00129394011968,1.13478212554484,0.0473331418013285
"eqtl-a-ENSG00000167553","ebi-a-GCST90027158","Alzheimer disease","TUBA1C","Inverse variance weighted",6,-0.0359423479752926,0.0170415411318433,0.0349357808508543,-0.0693437685937056,-0.00254092735687973,0.964695908552302,0.933005886820406,0.997462298066603,0.0424828833343141
"eqtl-a-ENSG00000167642","ebi-a-GCST90027158","Alzheimer disease","SPINT2","Inverse variance weighted",4,-0.0407103109692335,0.0205004255937597,0.047052469942507,-0.0808911451330025,-0.000529476805464626,0.960107222196347,0.922294082180147,0.999470663342643,0.0477457503598137
"eqtl-a-ENSG00000167912","ebi-a-GCST90027158","Alzheimer disease","TOX-DT","Inverse variance weighted",3,-0.0625177684888095,0.0236201615674439,0.00812581592336279,-0.108813285161,-0.0162222518166195,0.939396371011276,0.89689786600584,0.98390862027473,0.0223299980886111
"eqtl-a-ENSG00000168411","ebi-a-GCST90027158","Alzheimer disease","RFWD3","Inverse variance weighted",8,0.0502545213270899,0.019553284441999,0.0101659781816454,0.0119300838207719,0.088578958833408,1.05153870134475,1.01200153111212,1.09262052124631,0.0251625984779734
"eqtl-a-ENSG00000168546","ebi-a-GCST90027158","Alzheimer disease","GFRA2","Inverse variance weighted",3,-0.0545450564312133,0.0176843987349563,0.00203990424007237,-0.0892064779517276,-0.019883634910699,0.946915843248096,0.914656697634303,0.980312740849519,0.0111978082647612
"eqtl-a-ENSG00000168778","ebi-a-GCST90027158","Alzheimer disease","TCTN2","Inverse variance weighted",3,0.092044354936518,0.0273250612356152,0.000755795392208442,0.0384872349147122,0.145601474958324,1.09641345235139,1.03923746231847,1.15673510827375,0.00628029980668444
"eqtl-a-ENSG00000168918","ebi-a-GCST90027158","Alzheimer disease","INPP5D","Inverse variance weighted",3,-0.169784990044207,0.0262137467638096,9.35984321052481e-11,-0.221163933701274,-0.11840604638714,0.843846232433711,0.801585262679604,0.888335274044562,1.08079933234192e-08
"eqtl-a-ENSG00000170275","ebi-a-GCST90027158","Alzheimer disease","CRTAP","Inverse variance weighted",3,0.103325725089641,0.0410148641911453,0.0117613034749985,0.022936591274996,0.183714858904286,1.10885253134969,1.02320165757767,1.20167312784801,0.0263121468767595
"eqtl-a-ENSG00000170542","ebi-a-GCST90027158","Alzheimer disease","SERPINB9","Inverse variance weighted",3,-0.0552833013093934,0.0209753212263502,0.00839798878176814,-0.0963949309130399,-0.014171671705747,0.946217045450436,0.908105306382811,0.9859282737453,0.0228976412877897
"eqtl-a-ENSG00000170571","ebi-a-GCST90027158","Alzheimer disease","EMB","Inverse variance weighted",3,-0.034740064312032,0.015831390853353,0.0282082075301894,-0.0657695903846039,-0.00371053823945999,0.965856444189893,0.936346582694863,0.996296337300939,0.0398569410041947
"eqtl-a-ENSG00000171148","ebi-a-GCST90027158","Alzheimer disease","TADA3","Inverse variance weighted",4,0.043474651167102,0.01854226195491,0.0190462243509359,0.0071318177354783,0.0798174845987256,1.04443351880572,1.00715730971293,1.08308936914317,0.0332356614923831
"eqtl-a-ENSG00000171793","ebi-a-GCST90027158","Alzheimer disease","CTPS1","Inverse variance weighted",3,-0.0505799448081804,0.0177209206110636,0.00431385145793123,-0.0853129492058651,-0.0158469404104957,0.950677923870008,0.918224881685048,0.984277961707193,0.0160163208384894
"eqtl-a-ENSG00000172171","ebi-a-GCST90027158","Alzheimer disease","TEFM","Inverse variance weighted",4,0.0612461544100016,0.025838641511695,0.0177721268315463,0.0106024170470794,0.111889891772924,1.06316058364653,1.01065882183682,1.11838970995707,0.0323045430427586
"eqtl-a-ENSG00000172500","ebi-a-GCST90027158","Alzheimer disease","FIBP","Inverse variance weighted",5,-0.0681716326841492,0.0207014715261118,0.000990957489166264,-0.108746516875328,-0.02759674849297,0.934100137704271,0.896957752338006,0.972780562947107,0.00735838646210694
"eqtl-a-ENSG00000172638","ebi-a-GCST90027158","Alzheimer disease","EFEMP2","Inverse variance weighted",3,-0.0454524168430055,0.0201822316527113,0.024315912809443,-0.0850095908823197,-0.0058952428036914,0.955565070292955,0.918503475100473,0.994122100043332,0.036337660274507
"eqtl-a-ENSG00000173110","ebi-a-GCST90027158","Alzheimer disease","HSPA6","Inverse variance weighted",4,-0.080596889463631,0.03240821615334,0.0128851593493381,-0.144116993124177,-0.0170767858030846,0.922565512375635,0.865786451072014,0.9830681960558,0.0272540643207212
"eqtl-a-ENSG00000173715","ebi-a-GCST90027158","Alzheimer disease","C11orf80","Inverse variance weighted",4,0.0368430452259791,0.0181133395322209,0.0419487421328881,0.00134089974282619,0.0723451907091321,1.03753016274558,1.00134179915085,1.07502636913762,0.0457503468886811
"eqtl-a-ENSG00000174446","ebi-a-GCST90027158","Alzheimer disease","SNAPC5","Inverse variance weighted",3,-0.101036403640916,0.0443106599835295,0.0225968505052946,-0.187885297208634,-0.014187510073198,0.903900127031273,0.828709757103706,0.985912658374682,0.0352067001176242
"eqtl-a-ENSG00000174456","ebi-a-GCST90027158","Alzheimer disease","C12orf76","Inverse variance weighted",3,-0.129170529297071,0.0647965514526181,0.0462090804237607,-0.256171770144203,-0.00216928844993941,0.878824087512756,0.774009005734504,0.997833062755795,0.0476762309164197
"eqtl-a-ENSG00000174749","ebi-a-GCST90027158","Alzheimer disease","FAM241A","Inverse variance weighted",5,-0.0554596676984422,0.0262253456457436,0.0344525025626909,-0.1068613451641,-0.0040579902327848,0.946050179282097,0.898650266557597,0.995950232283523,0.0421999849700117
"eqtl-a-ENSG00000175220","ebi-a-GCST90027158","Alzheimer disease","ARHGAP1","Inverse variance weighted",3,0.0980722434221289,0.0480678864800481,0.0413218326782996,0.00385918592123467,0.192285300923023,1.1030424697929,1.00386664216782,1.21201625699942,0.0453500616500835
"eqtl-a-ENSG00000175334","ebi-a-GCST90027158","Alzheimer disease","BANF1","Inverse variance weighted",4,0.052044502384259,0.0209797028773985,0.0131121989682605,0.0109242847445579,0.09316472002396,1.05342262128853,1.01098417262188,1.09764252408077,0.0274021403588198
"eqtl-a-ENSG00000175489","ebi-a-GCST90027158","Alzheimer disease","LRRC25","Inverse variance weighted",7,-0.0301332929930481,0.0136641680703296,0.0274345733609591,-0.056915062410894,-0.00335152357520213,0.970316188579332,0.944674304316893,0.99665408651074,0.0390802698080601
"eqtl-a-ENSG00000176125","ebi-a-GCST90027158","Alzheimer disease","UFSP1","Inverse variance weighted",3,0.0922037046994968,0.0213709360774285,1.60005160945383e-05,0.050316669987737,0.134090739411257,1.09658817949614,1.05160405509746,1.14349657514322,0.000310232228721882
"eqtl-a-ENSG00000176390","ebi-a-GCST90027158","Alzheimer disease","CRLF3","Inverse variance weighted",5,0.0607020260579706,0.0237374276937975,0.0105509892175756,0.0141766677781274,0.107227384337814,1.06258224518965,1.01427763328674,1.11318734707137,0.0254298343207369
"eqtl-a-ENSG00000177570","ebi-a-GCST90027158","Alzheimer disease","SAMD12","Inverse variance weighted",5,0.0474971148366103,0.0189473880088324,0.0121833215311266,0.0103602343392988,0.0846339953339217,1.04864317561002,1.01041408738313,1.088318664085,0.0268682091815459
"eqtl-a-ENSG00000177868","ebi-a-GCST90027158","Alzheimer disease","SVBP","Inverse variance weighted",6,-0.0314731612359274,0.0127212354138709,0.0133585450338431,-0.0564067826471145,-0.00653953982474037,0.969016963322403,0.945154585197326,0.99348179643072,0.0275865811645636
"eqtl-a-ENSG00000178860","ebi-a-GCST90027158","Alzheimer disease","MSC","Inverse variance weighted",5,-0.0346677196295881,0.01352878801098,0.0103917155757431,-0.0611841441311089,-0.00815129512806729,0.965926321295222,0.940650008648231,0.991881836594798,0.0254298343207369
"eqtl-a-ENSG00000179029","ebi-a-GCST90027158","Alzheimer disease","TMEM107","Inverse variance weighted",4,0.0317289489841427,0.0152995553668997,0.0380934498073866,0.00174182046501924,0.0617160775032661,1.03223767831182,1.00174333831543,1.06366030476269,0.0440219006052249
"eqtl-a-ENSG00000179163","ebi-a-GCST90027158","Alzheimer disease","FUCA1","Inverse variance weighted",6,-0.0582088998569249,0.0216933089253544,0.0072907161106526,-0.100727785350619,-0.0156900143632303,0.943452839686399,0.904179130193601,0.984432432677077,0.0219349993329117
"eqtl-a-ENSG00000180537","ebi-a-GCST90027158","Alzheimer disease","RNF182","Inverse variance weighted",9,-0.0232231579821124,0.0110823948135083,0.0361265712533324,-0.0449446518165888,-0.00150166414763606,0.977044424181178,0.956050396021404,0.998499462785808,0.0425951802953142
"eqtl-a-ENSG00000180644","ebi-a-GCST90027158","Alzheimer disease","PRF1","Inverse variance weighted",5,-0.120160395011788,0.0522050237628761,0.0213519969534751,-0.222482241587025,-0.0178385484365507,0.886778190511351,0.800529222752538,0.982319616594026,0.0348571874222445
"eqtl-a-ENSG00000181274","ebi-a-GCST90027158","Alzheimer disease","FRAT2","Inverse variance weighted",7,-0.0375777579088709,0.0148897990080141,0.0116118727468102,-0.0667617639645786,-0.00839375185316325,0.963119524648866,0.935418025075156,0.991641377324677,0.0263121468767595
"eqtl-a-ENSG00000182175","ebi-a-GCST90027158","Alzheimer disease","RGMA","Inverse variance weighted",4,0.0628292115335539,0.0297315085462728,0.0345819622679299,0.00455545478285918,0.121102968284249,1.06484496046255,1.00456584664089,1.12874113092144,0.0421999849700117
"eqtl-a-ENSG00000182224","ebi-a-GCST90027158","Alzheimer disease","CYB5D1","Inverse variance weighted",3,0.0506465442718474,0.0176555122794966,0.00412297144178245,0.016041740204034,0.0852513483396608,1.05195100945481,1.01617109970993,1.08899074831874,0.0158122750899129
"eqtl-a-ENSG00000183091","ebi-a-GCST90027158","Alzheimer disease","NEB","Inverse variance weighted",4,0.0550279746654259,0.0170320032835269,0.00123419476613223,0.0216452482297132,0.0884107011011386,1.05657017145912,1.02188120599471,1.09243669486072,0.00828334564192593
"eqtl-a-ENSG00000183283","ebi-a-GCST90027158","Alzheimer disease","DAZAP2","Inverse variance weighted",3,0.0735508589056444,0.0319060608209715,0.0211536072643756,0.0110149796965403,0.136086738114748,1.07632327590382,1.01107586794096,1.14578127219231,0.0348571874222445
"eqtl-a-ENSG00000183506","ebi-a-GCST90027158","Alzheimer disease","PI4KAP2","Inverse variance weighted",3,-0.0748365516136843,0.0272955016004926,0.00611189008140463,-0.12833573475065,-0.0213373684767188,0.927895136897491,0.879558031371818,0.978888662678864,0.0203147584610497
"eqtl-a-ENSG00000183605","ebi-a-GCST90027158","Alzheimer disease","SFXN4","Inverse variance weighted",5,0.0427148738868622,0.0150608006466015,0.00456592470858202,0.0131957046195232,0.0722340431542013,1.04364028332672,1.01328315215031,1.07490688922528,0.0167737655083697
"eqtl-a-ENSG00000183844","ebi-a-GCST90027158","Alzheimer disease","FAM3B","Inverse variance weighted",5,0.0222680845622961,0.0101881589036267,0.0288388137792255,0.00229929311118784,0.0422368760134044,1.02251786898523,1.00230193851272,1.04314154469813,0.0401543813511802
"eqtl-a-ENSG00000183955","ebi-a-GCST90027158","Alzheimer disease","KMT5A","Inverse variance weighted",3,-0.0575361339829625,0.022295508260958,0.00986243617828853,-0.10123533017444,-0.0138369377914849,0.944087776118466,0.903720335195627,0.986258352616767,0.0245856444730193
"eqtl-a-ENSG00000184056","ebi-a-GCST90027158","Alzheimer disease","VPS33B","Inverse variance weighted",3,-0.0581302120336721,0.0224107679015076,0.00949073700306418,-0.102055317120627,-0.0142051069467172,0.943527080857595,0.90297960005584,0.985895309546974,0.0238674908845427
"eqtl-a-ENSG00000184743","ebi-a-GCST90027158","Alzheimer disease","ATL3","Inverse variance weighted",3,-0.0784097077274786,0.0329784440365487,0.0174254892412985,-0.143047458039114,-0.0137719574158432,0.9245855390922,0.86671293542305,0.986322442137258,0.0322066668103126
"eqtl-a-ENSG00000184983","ebi-a-GCST90027158","Alzheimer disease","NDUFA6","Inverse variance weighted",5,-0.0324441075645619,0.0153269150127851,0.0342763053867893,-0.0624848609896207,-0.00240335413950308,0.968076556475648,0.939427284705237,0.997599531603773,0.0421999849700117
"eqtl-a-ENSG00000185043","ebi-a-GCST90027158","Alzheimer disease","CIB1","Inverse variance weighted",4,0.0276715338195112,0.0129091212343644,0.0320677989439068,0.00236965620015695,0.0529734114388655,1.02805794668968,1.00237246605443,1.05440160972499,0.0415205215321804
"eqtl-a-ENSG00000185347","ebi-a-GCST90027158","Alzheimer disease","TEDC1","Inverse variance weighted",3,0.0772439170724865,0.0363451519527555,0.0335625849027015,0.00600741924508562,0.148480414899887,1.08030554922549,1.00602549997612,1.16007007746333,0.0418206382222105
"eqtl-a-ENSG00000185432","ebi-a-GCST90027158","Alzheimer disease","METTL7A","Inverse variance weighted",3,0.0650897733673465,0.0201227662453003,0.00121798974589656,0.0256491515265579,0.104530395208135,1.06725483114369,1.02598092147959,1.1101891377833,0.00828334564192593
"eqtl-a-ENSG00000185485","ebi-a-GCST90027158","Alzheimer disease","SDHAP1","Inverse variance weighted",4,0.0474731640579408,0.0206286984850056,0.0213737481614909,0.00704091502732981,0.0879054130885517,1.04861806009019,1.00706576054704,1.09188483912908,0.0348571874222445
"eqtl-a-ENSG00000185864","ebi-a-GCST90027158","Alzheimer disease","NPIPB4","Inverse variance weighted",3,-0.107038583256585,0.0332717344078359,0.0012949228201205,-0.172251182695943,-0.0418259838172268,0.898491005612511,0.841767709129021,0.959036653950389,0.00836903822633434
"eqtl-a-ENSG00000186567","ebi-a-GCST90027158","Alzheimer disease","CEACAM19","Inverse variance weighted",4,0.13151777317018,0.0594841507100166,0.0270377976114131,0.0149288377785479,0.248106708561813,1.14055817887684,1.01504082948525,1.28159668223648,0.0388320632361447
"eqtl-a-ENSG00000186831","ebi-a-GCST90027158","Alzheimer disease","KRT17P2","Inverse variance weighted",3,-0.0507315852015444,0.0215593442339356,0.0186169476901118,-0.0929878999000583,-0.00847527050303063,0.950533773625446,0.911204525895266,0.991560543353228,0.0330468811012709
"eqtl-a-ENSG00000186998","ebi-a-GCST90027158","Alzheimer disease","EMID1","Inverse variance weighted",3,-0.0892042628358962,0.0433900499132165,0.0397951353310352,-0.1742487606658,-0.00415976500599193,0.914658723707078,0.840087890840115,0.99584887483241,0.0446165368943218
"eqtl-a-ENSG00000187037","ebi-a-GCST90027158","Alzheimer disease","GPR141","Inverse variance weighted",3,-0.107536050500997,0.0229927846881435,2.91176541031693e-06,-0.152601908489758,-0.0624701925122358,0.898044146925815,0.858471403974205,0.939441064774183,7.79384261243205e-05
"eqtl-a-ENSG00000187116","ebi-a-GCST90027158","Alzheimer disease","LILRA5","Inverse variance weighted",3,-0.0876935044900307,0.024653571848699,0.000375070768820117,-0.136014505313481,-0.0393725036665806,0.9160415963377,0.87282997172454,0.961392520198363,0.00363610273106169
"eqtl-a-ENSG00000188895","ebi-a-GCST90027158","Alzheimer disease","MSL1","Inverse variance weighted",3,0.0810812488888141,0.0407429392225007,0.0465833660243528,0.00122508801271264,0.160937409764915,1.08445900407644,1.00122583873957,1.17461144730641,0.0476762309164197
"eqtl-a-ENSG00000196329","ebi-a-GCST90027158","Alzheimer disease","GIMAP5","Inverse variance weighted",3,0.0582719576518814,0.0268229314700957,0.0298203881803012,0.00569901197049386,0.110844903333269,1.06000323250451,1.00571528223267,1.11722161606774,0.0401543813511802
"eqtl-a-ENSG00000196411","ebi-a-GCST90027158","Alzheimer disease","EPHB4","Inverse variance weighted",10,0.0563721166576667,0.0269588971097246,0.0365245301689905,0.00353267832260641,0.109211554992727,1.05799130668413,1.00353892558503,1.11539829346096,0.0427455683749773
"eqtl-a-ENSG00000196705","ebi-a-GCST90027158","Alzheimer disease","ZNF431","Inverse variance weighted",6,-0.0661749606534445,0.0248736932824816,0.00780387036528798,-0.114927399487108,-0.0174225218197806,0.935967092551116,0.891430859895232,0.982728372721523,0.0223241865367664
"eqtl-a-ENSG00000196814","ebi-a-GCST90027158","Alzheimer disease","MVB12B","Inverse variance weighted",4,-0.0326196444971112,0.0162712373781672,0.0449905601452904,-0.064511269758319,-0.000728019235903495,0.967906638200354,0.937525548516164,0.999272245705802,0.0473331418013285
"eqtl-a-ENSG00000197093","ebi-a-GCST90027158","Alzheimer disease","GAL3ST4","Inverse variance weighted",3,-0.151739886453004,0.0235822046625884,1.23873848979017e-10,-0.197961007591677,-0.10551876531433,0.859211744291344,0.820401841957777,0.899857586577881,1.08079933234192e-08
"eqtl-a-ENSG00000197375","ebi-a-GCST90027158","Alzheimer disease","SLC22A5","Inverse variance weighted",6,0.0315907426644141,0.0131598840604608,0.0163711917656878,0.00579736990591091,0.0573841154229173,1.03209502639914,1.00581420717639,1.05906253452934,0.0310518800338318
"eqtl-a-ENSG00000197498","ebi-a-GCST90027158","Alzheimer disease","RPF2","Inverse variance weighted",3,-0.03073539291737,0.0153675949771929,0.0454988377756182,-0.060855879072668,-0.000614906762072001,0.969732137121934,0.940958841865096,0.999385282254347,0.0473331418013285
"eqtl-a-ENSG00000197771","ebi-a-GCST90027158","Alzheimer disease","MCMBP","Inverse variance weighted",3,-0.0462278110019456,0.0182765559350313,0.0114273932664669,-0.082049860634607,-0.0104057613692842,0.95482441790484,0.921226024637003,0.989648191263979,0.0263121468767595
"eqtl-a-ENSG00000197872","ebi-a-GCST90027158","Alzheimer disease","CYRIA","Inverse variance weighted",3,-0.0934697414145691,0.0393181415104247,0.0174414327425475,-0.170533298775002,-0.0164061840541366,0.910765575487237,0.843215011134193,0.98372766440301,0.0322066668103126
"eqtl-a-ENSG00000197943","ebi-a-GCST90027158","Alzheimer disease","PLCG2","Inverse variance weighted",4,0.0722307455102369,0.023649875099065,0.0022568394775722,0.0258769903160696,0.118584500704404,1.07490334457091,1.02621470636243,1.12590200959532,0.0117557757861597
"eqtl-a-ENSG00000198053","ebi-a-GCST90027158","Alzheimer disease","SIRPA","Inverse variance weighted",7,0.10221902111124,0.0227412959759889,6.96145904835847e-06,0.057646080998302,0.146791961224179,1.10762603864915,1.05934000879833,1.15811300555454,0.000161969947191807
"eqtl-a-ENSG00000198468","ebi-a-GCST90027158","Alzheimer disease","FLVCR1-DT","Inverse variance weighted",6,-0.0376963088331954,0.0130282384358525,0.00381058017785802,-0.0632316561674662,-0.0121609614989245,0.963005352706712,0.938725986834609,0.987912684157076,0.015701105694833
"eqtl-a-ENSG00000198734","ebi-a-GCST90027158","Alzheimer disease","F5","Inverse variance weighted",8,-0.0293223403935706,0.0112381385341582,0.00907591551368172,-0.0513490919205207,-0.00729558886662043,0.971103388162408,0.949946993822499,0.992730959341,0.0236066743545779
"eqtl-a-ENSG00000198794","ebi-a-GCST90027158","Alzheimer disease","SCAMP5","Inverse variance weighted",4,-0.119646714150476,0.0549299120635371,0.0293933452874722,-0.227309341795009,-0.011984086505943,0.887233828512287,0.796674299510545,0.988087436660371,0.0401543813511802
"eqtl-a-ENSG00000198796","ebi-a-GCST90027158","Alzheimer disease","ALPK2","Inverse variance weighted",3,-0.0410657870359088,0.0188678429343106,0.0295181831061202,-0.0780467591871575,-0.00408481488466016,0.959765987711354,0.92492117696997,0.995923516623577,0.0401543813511802
"eqtl-a-ENSG00000198805","ebi-a-GCST90027158","Alzheimer disease","PNP","Inverse variance weighted",3,0.0576562013509562,0.0209466160612263,0.00591366223411738,0.0166008338709527,0.0987115688309597,1.05935072974705,1.01673939338618,1.10374789834603,0.0200375545602618
"eqtl-a-ENSG00000198846","ebi-a-GCST90027158","Alzheimer disease","TOX","Inverse variance weighted",4,-0.0642055961495803,0.0238113167790988,0.00700867091855591,-0.110875777036614,-0.0175354152625466,0.937812169137811,0.895049927777812,0.982617435394389,0.0214563697418948
"eqtl-a-ENSG00000198919","ebi-a-GCST90027158","Alzheimer disease","DZIP3","Inverse variance weighted",4,-0.0367626235993847,0.0156411111327927,0.0187540320755981,-0.0674192014196584,-0.00610604577911108,0.963904916473967,0.934803248340085,0.993912558233507,0.0330468811012709
"eqtl-a-ENSG00000198924","ebi-a-GCST90027158","Alzheimer disease","DCLRE1A","Inverse variance weighted",5,-0.0850458391359793,0.0300567570717666,0.00466196124290415,-0.143957082996642,-0.0261345952753167,0.91847018155694,0.865924910164034,0.97420395753419,0.0169053779348541
"eqtl-a-ENSG00000198933","ebi-a-GCST90027158","Alzheimer disease","TBKBP1","Inverse variance weighted",4,0.0344769695805611,0.0170544164328305,0.0432191390858693,0.00105031337221329,0.0679036257889089,1.03507818981675,1.00105086514446,1.0702621578372,0.0464107062799027
"eqtl-a-ENSG00000198961","ebi-a-GCST90027158","Alzheimer disease","PJA2","Inverse variance weighted",4,-0.0306851781810004,0.0153407884804068,0.0454749212979298,-0.0607531236025978,-0.000617232759403095,0.969780833188168,0.941055535501024,0.999382957689551,0.0473331418013285
"eqtl-a-ENSG00000204070","ebi-a-GCST90027158","Alzheimer disease","SYS1","Inverse variance weighted",3,-0.0367886745691252,0.0116842709535947,0.00164074806536769,-0.0596898456381708,-0.0138875035000797,0.963879806143231,0.942056671263702,0.986208483025166,0.0097319079698834
"eqtl-a-ENSG00000204252","ebi-a-GCST90027158","Alzheimer disease","HLA-DOA","Inverse variance weighted",3,0.0568562927625992,0.021671422111534,0.00870159217518913,0.0143803054239925,0.0993322801012058,1.05850368482466,1.01448419942784,1.1044332197774,0.0235415168150466
"eqtl-a-ENSG00000204267","ebi-a-GCST90027158","Alzheimer disease","TAP2","Inverse variance weighted",3,0.142426794712735,0.0214496487236536,3.13571336171172e-11,0.100385483214374,0.184468106211096,1.15306866714462,1.10559702503684,1.20257862588439,5.47181981618695e-09
"eqtl-a-ENSG00000204316","ebi-a-GCST90027158","Alzheimer disease","MRPL38","Inverse variance weighted",5,-0.075352831264124,0.0344849922308093,0.0288822066759719,-0.14294341603651,-0.00776224649173782,0.927416207162045,0.866803114663667,0.992267801945504,0.0401543813511802
"eqtl-a-ENSG00000204428","ebi-a-GCST90027158","Alzheimer disease","LY6G5C","Inverse variance weighted",3,0.061218546591721,0.0245443428872433,0.0126240715908476,0.0131116345327242,0.109325458650718,1.0631312325075,1.01319796892849,1.11552534864259,0.0271427966977035
"eqtl-a-ENSG00000204516","ebi-a-GCST90027158","Alzheimer disease","MICB","Inverse variance weighted",5,-0.0704633633473105,0.0203819498741894,0.000545930292251717,-0.110411985100722,-0.0305147415938992,0.93196188286417,0.895465140995364,0.969946133409816,0.00476324179989623
"eqtl-a-ENSG00000204528","ebi-a-GCST90027158","Alzheimer disease","PSORS1C3","Inverse variance weighted",3,-0.0781778500205749,0.0273885786946796,0.0043118744126527,-0.131859464262147,-0.0244962357790028,0.924799936228984,0.876464160962129,0.97580136204347,0.0160163208384894
"eqtl-a-ENSG00000204611","ebi-a-GCST90027158","Alzheimer disease","ZNF616","Inverse variance weighted",3,0.151549185593067,0.0519437073077649,0.00352775172865168,0.0497395192698476,0.253358851916286,1.16363553450603,1.05099729617464,1.28834551914979,0.0150144555280419
"eqtl-a-ENSG00000204623","ebi-a-GCST90027158","Alzheimer disease","POLR1HASP","Inverse variance weighted",3,0.0656364943969755,0.0251761470621635,0.00913152159847571,0.0162912461551351,0.114981742638816,1.06783848133623,1.01642467207924,1.12185295531036,0.0236066743545779
"eqtl-a-ENSG00000204650","ebi-a-GCST90027158","Alzheimer disease","LINC02210","Inverse variance weighted",6,-0.0484796553327289,0.0108525557904939,7.92801310079308e-06,-0.069750664682097,-0.0272086459833609,0.952676720999583,0.932626327600431,0.973158174796199,0.000172929785761049
"eqtl-a-ENSG00000206344","ebi-a-GCST90027158","Alzheimer disease","HCG27","Inverse variance weighted",4,-0.0588512395461994,0.0164429040462986,0.000344744097765286,-0.0910793314769447,-0.0266231476154541,0.942847017075294,0.912945282728738,0.973728124155185,0.00343759114628814
"eqtl-a-ENSG00000211790","ebi-a-GCST90027158","Alzheimer disease","TRAV8-4","Inverse variance weighted",3,0.078548178442461,0.0368322825379718,0.0329583274995739,0.00635690466803632,0.150739452216886,1.08171546927337,1.00637715266865,1.16269368135246,0.0415251129868278
"eqtl-a-ENSG00000213246","ebi-a-GCST90027158","Alzheimer disease","SUPT4H1","Inverse variance weighted",3,0.0630180307273798,0.0147412191277738,1.91176933781419e-05,0.0341252412369432,0.0919108202178165,1.06504604261302,1.03471418749825,1.09626705286437,0.000351161841524817
"eqtl-a-ENSG00000213713","ebi-a-GCST90027158","Alzheimer disease","PIGCP1","Inverse variance weighted",3,0.0758129426489643,0.0183363055354372,3.5560263551578e-05,0.0398737837995074,0.111752101498421,1.07876076515181,1.04067941530102,1.11823561734841,0.000564115089977306
"eqtl-a-ENSG00000213930","ebi-a-GCST90027158","Alzheimer disease","GALT","Inverse variance weighted",4,0.0391046149548934,0.0195530193465001,0.0455081270905222,0.000780697035753279,0.0774285328740336,1.03987926488238,1.000781001859,1.08050500911153,0.0473331418013285
"eqtl-a-ENSG00000214021","ebi-a-GCST90027158","Alzheimer disease","TTLL3","Inverse variance weighted",3,0.0622229373174184,0.0220803982509088,0.00483212535254632,0.0189453567456372,0.1055005178892,1.06419956808099,1.01912595873689,1.11126668003571,0.0170344621014007
"eqtl-a-ENSG00000214401","ebi-a-GCST90027158","Alzheimer disease","KANSL1-AS1","Inverse variance weighted",5,-0.0622753714679984,0.00925176128688551,1.68279995179248e-11,-0.080408823590294,-0.0441419193457028,0.939624105492935,0.922739031780458,0.956818156830131,5.47181981618695e-09
"eqtl-a-ENSG00000214425","ebi-a-GCST90027158","Alzheimer disease","LRRC37A4P","Inverse variance weighted",6,0.0578809405371733,0.00909141676347529,1.93329911003088e-10,0.0400617636807617,0.0757001173935849,1.05958883412266,1.04087506048204,1.0786390605588,1.34944277880155e-08
"eqtl-a-ENSG00000214826","ebi-a-GCST90027158","Alzheimer disease","DDX12P","Inverse variance weighted",5,-0.031729023935309,0.0146284313040684,0.0300829099971486,-0.060400749291283,-0.00305729857933491,0.968769059742413,0.941387197728448,0.996947370198805,0.0402258068544248
"eqtl-a-ENSG00000215039","ebi-a-GCST90027158","Alzheimer disease","CD27-AS1","Inverse variance weighted",5,-0.0294202723106689,0.0148077276887302,0.0469424763429297,-0.0584434185805801,-0.0003971260407576,0.971008290802514,0.943231608273075,0.999602952803351,0.0477457503598137
"eqtl-a-ENSG00000229153","ebi-a-GCST90027158","Alzheimer disease","EPHA1-AS1","Inverse variance weighted",3,-0.0949881539206863,0.0195320630140078,1.1550826183126e-06,-0.133270997428142,-0.0567053104132311,0.909383707035945,0.875227875464384,0.944872472421715,3.66476212537361e-05
"eqtl-a-ENSG00000229390","ebi-a-GCST90027158","Alzheimer disease","MICD","Inverse variance weighted",3,0.0396032037438758,0.0198374234983194,0.0458916537743069,0.000721853687169781,0.0784845538005817,1.04039786629943,1.00072211428624,1.08164664770342,0.0475257779443119
"eqtl-a-ENSG00000232216","ebi-a-GCST90027158","Alzheimer disease","IGHV3-43","Inverse variance weighted",3,0.0794606920374617,0.0333496708915279,0.017188389614149,0.014095337090067,0.144826046984856,1.08270299984402,1.01419514474341,1.15583849118881,0.0320788661782781
"eqtl-a-ENSG00000234719","ebi-a-GCST90027158","Alzheimer disease","NPIPB2","Inverse variance weighted",3,-0.0373370799371183,0.0163376923220664,0.0222932644140014,-0.0693589568883685,-0.00531520298586817,0.963351354199627,0.932991716159689,0.994698897711771,0.0350466183805698
"eqtl-a-ENSG00000235290","ebi-a-GCST90027158","Alzheimer disease","HLA-W","Inverse variance weighted",3,0.121696965517084,0.0254216927880975,1.69182677957328e-06,0.0718704476524133,0.171523483381756,1.12941179919763,1.07451612895916,1.18711201980971,4.92039621725896e-05
"eqtl-a-ENSG00000236901","ebi-a-GCST90027158","Alzheimer disease","MIR600HG","Inverse variance weighted",5,0.0966141489324783,0.0422595368262125,0.0222420130471459,0.0137854567531018,0.179442841111855,1.1014353016321,1.01388091429964,1.19655050861611,0.0350466183805698
"eqtl-a-ENSG00000238024","ebi-a-GCST90027158","Alzheimer disease","DDX39BP2","Inverse variance weighted",3,0.141729542890102,0.0259095129525118,4.49594085049305e-08,0.0909468975031788,0.192512188277025,1.1522649681377,1.09521084528383,1.21229127935935,1.88482885390882e-06
"eqtl-a-ENSG00000240505","ebi-a-GCST90027158","Alzheimer disease","TNFRSF13B","Inverse variance weighted",6,-0.107188085684232,0.0456388380934443,0.0188433505419854,-0.196640208347383,-0.0177359630210811,0.898356689066528,0.821486144005684,0.982420393429047,0.0330468811012709
"eqtl-a-ENSG00000241106","ebi-a-GCST90027158","Alzheimer disease","HLA-DOB","Inverse variance weighted",5,-0.0781095403561976,0.039532646732861,0.0481747481659731,-0.155593527952605,-0.000625552759789982,0.924863111159948,0.855907021953915,0.999374642857546,0.048452412420532
"eqtl-a-ENSG00000241399","ebi-a-GCST90027158","Alzheimer disease","CD302","Inverse variance weighted",7,0.0372874330744267,0.0171550378170372,0.029738505968685,0.0036635589530339,0.0709113071958195,1.0379913310035,1.00367027798782,1.07348601116141,0.0401543813511802
"eqtl-a-ENSG00000243716","ebi-a-GCST90027158","Alzheimer disease","NPIPB5","Inverse variance weighted",3,-0.0621521212340439,0.0257638443367794,0.015848857521491,-0.112649256134132,-0.0116549863339563,0.939739921520796,0.893463982176031,0.988412669919939,0.030729173750002
"eqtl-a-ENSG00000244731","ebi-a-GCST90027158","Alzheimer disease","C4A","Inverse variance weighted",4,0.0556392708854411,0.0180532110811955,0.00205642604391551,0.0202549771662979,0.0910235646045843,1.05721624626253,1.02046150123966,1.09529481514359,0.0111978082647612
"eqtl-a-ENSG00000249662","ebi-a-GCST90027158","Alzheimer disease","LINC02218","Inverse variance weighted",3,0.0614185107636065,0.02774997197284,0.026878216515553,0.00702856569684002,0.115808455830373,1.06334384192044,1.00705332403593,1.12278078942101,0.0387623866278016
"eqtl-a-ENSG00000250490","ebi-a-GCST90027158","Alzheimer disease","LINC02145","Inverse variance weighted",3,-0.0447203623333253,0.0185207437038774,0.0157520906082766,-0.081021019992925,-0.00841970467372554,0.956264852119926,0.922174307143468,0.991615641767906,0.030729173750002
"eqtl-a-ENSG00000251179","ebi-a-GCST90027158","Alzheimer disease","TMEM92-AS1","Inverse variance weighted",5,0.0457720391039772,0.0182875535988377,0.0123178036362388,0.00992843405025522,0.0816156441576991,1.04683574614017,1.00997788447119,1.08503868871409,0.0268682091815459
"eqtl-a-ENSG00000254531","ebi-a-GCST90027158","Alzheimer disease","FLJ20021","Inverse variance weighted",14,0.0312349481607936,0.0139873051574512,0.0255428360538567,0.00381983005218916,0.058650066269398,1.0317278779801,1.00382713490114,1.06040410464314,0.0374556713562857
"eqtl-a-ENSG00000255987","ebi-a-GCST90027158","Alzheimer disease","TOMM20P2","Inverse variance weighted",3,-0.102935449242575,0.0445115736755696,0.0207471341770046,-0.190178133646691,-0.0156927648384586,0.90218520834048,0.826811837816756,0.984429725023781,0.0347298677223585
"eqtl-a-ENSG00000256039","ebi-a-GCST90027158","Alzheimer disease","LINC02446","Inverse variance weighted",3,-0.0730088012330108,0.0355057734210607,0.0397582768050685,-0.14260011713829,-0.00341748532773194,0.929592648428285,0.867100738301916,0.996588347628678,0.0446165368943218
"eqtl-a-ENSG00000257335","ebi-a-GCST90027158","Alzheimer disease","MGAM","Inverse variance weighted",3,-0.0479345940611566,0.022181689517674,0.0306954682191064,-0.0914107055157977,-0.00445848260651553,0.953196129726459,0.912642806482304,0.995551441672507,0.0407327696139473
"eqtl-a-ENSG00000257923","ebi-a-GCST90027158","Alzheimer disease","CUX1","Inverse variance weighted",3,-0.0829794420779962,0.038766316263618,0.0323140848555933,-0.158961421954687,-0.00699746220130491,0.92037006792171,0.85302926653607,0.993026963032568,0.0415205215321804
"eqtl-a-ENSG00000258227","ebi-a-GCST90027158","Alzheimer disease","CLEC5A","Inverse variance weighted",8,-0.0438123636030767,0.0140597482965866,0.00183225554904327,-0.0713694702643864,-0.0162552569417669,0.957133533712641,0.931117808224341,0.983876146783483,0.0104829046986246
"eqtl-a-ENSG00000263503","ebi-a-GCST90027158","Alzheimer disease","MAPK8IP1P2","Inverse variance weighted",4,-0.0606090420895088,0.00972990804814183,4.6897711144421e-10,-0.0796796618638668,-0.0415384223151508,0.941191133974862,0.923412103125023,0.959312475627092,2.33818588420042e-08
"eqtl-a-ENSG00000263874","ebi-a-GCST90027158","Alzheimer disease","LASP1NB","Inverse variance weighted",3,0.0941196505465396,0.035543018764472,0.00809578219639698,0.0244553337681744,0.163783967324905,1.09869119705512,1.02475681805935,1.17795980979412,0.0223299980886111
"eqtl-a-ENSG00000264070","ebi-a-GCST90027158","Alzheimer disease","DND1P1","Inverse variance weighted",3,-0.0725223803960311,0.0114625729428142,2.5015970465781e-10,-0.0949890233639468,-0.0500557374281153,0.930044931653458,0.909382916378753,0.951176406896591,1.45509561542626e-08
"eqtl-a-ENSG00000264538","ebi-a-GCST90027158","Alzheimer disease","SUZ12P1","Inverse variance weighted",3,0.0906282338129588,0.0423265639981285,0.0322605889020737,0.007668168376627,0.173588299249291,1.09486189695584,1.00769764407312,1.18956571989242,0.0415205215321804
